order,central_frac,baseline_m,tilt_m,center_m,score,rstd,banding,edge_bias,x_slope,rough_B,rough_X
2,0.7,0.4,0.4,0.6,39.375575657238336,0.021534031381309632,38.31110963179881,0.1961905814708987,0.4538680191261342,0.0002053350581887551,0.001435433339793235
2,0.7,0.4,0.4,1.0,39.31805037712349,0.021555459146058147,38.27362773717942,0.1897015579602958,0.45341180586306185,0.0002053350581887551,0.0009636684553697705
2,0.7,0.4,0.4,1.6,39.15530248047761,0.021617928319321515,38.16288981750435,0.1728154087018661,0.45210088122441333,0.0002053350581887551,0.0006200893549248576
2,0.7,0.4,0.8,0.6,32.83845437224136,0.021538798895693913,31.968024003653472,0.1528361640887228,0.38990902712443914,0.0001447343321689526,0.001435433339793235
2,0.7,0.4,0.8,1.0,32.8078194000907,0.02153129775634022,31.979455190545284,0.13882332330960134,0.39003042102400937,0.0001447343321689526,0.0009636684553697705
2,0.7,0.4,0.8,1.6,32.67171341888549,0.021595788264035628,31.88429702053096,0.12557581953728064,0.38886370437253437,0.0001447343321689526,0.0006200893549248576
2,0.7,0.4,1.2,0.6,26.837685497899407,0.021669455393683035,25.925623003110577,0.19261201894761232,0.312088787970504,0.00012521526622929786,0.001435433339793235
2,0.7,0.4,1.2,1.0,26.79508476194602,0.021690204692235458,25.90075843411121,0.18683925327308232,0.31179169820684355,0.00012521526622929786,0.0009636684553697705
2,0.7,0.4,1.2,1.6,26.680620729413803,0.02173002937284388,25.85328172814256,0.16472593746034173,0.31120756813102796,0.00012521526622929786,0.0006200893549248576
2,0.7,0.8,0.4,0.6,39.94056509197767,0.021667254490200523,39.01777087507796,0.14807610612629146,0.4564064135112379,0.0002053350581887551,0.001435433339793235
2,0.7,0.8,0.4,1.0,39.92028064411651,0.021671018608169362,39.01136812304526,0.14352442696516143,0.45631752051353036,0.0002053350581887551,0.0009636684553697705
2,0.7,0.8,0.4,1.6,39.84327848757947,0.021713582421966797,38.935275549183686,0.14354135494842318,0.45541766380461707,0.0002053350581887551,0.0006200893549248576
2,0.7,0.8,0.8,0.6,33.19304616270613,0.021607094647692685,32.662268149978246,0.038232042174556814,0.39400074125493867,0.0001447343321689526,0.001435433339793235
2,0.7,0.8,0.8,1.0,33.14192399972502,0.021624941137984587,32.63599495112765,0.030099212613941616,0.3936739487813091,0.0001447343321689526,0.0009636684553697705
2,0.7,0.8,0.8,1.6,33.155780518507115,0.02161995898911727,32.64393640788275,0.03207923906651385,0.3937569873295819,0.0001447343321689526,0.0006200893549248576
2,0.7,0.8,1.2,0.6,27.404935996586026,0.021681753441264846,26.674890883355776,0.1302341095163928,0.31719283665800124,0.00012521526622929786,0.001435433339793235
2,0.7,0.8,1.2,1.0,27.38244411869801,0.0216872366560588,26.66855002870341,0.12492347887456799,0.31710975159835564,0.00012521526622929786,0.0009636684553697705
2,0.7,0.8,1.2,1.6,27.335858110086495,0.021722068721936147,26.6257965303291,0.12384000893638188,0.3165958928399646,0.00012521526622929786,0.0006200893549248576
2,0.7,1.2,0.4,0.6,40.1880639558854,0.02196573554434157,39.49153468172154,0.0724594646043866,0.4566929142869714,0.0002053350581887551,0.001435433339793235
2,0.7,1.2,0.4,1.0,40.286612855474075,0.021934989178322692,39.547254993360596,0.08658434257049195,0.45731914416961855,0.0002053350581887551,0.0009636684553697705
2,0.7,1.2,0.4,1.6,40.31299797308823,0.021941957200998004,39.53470087585352,0.09965027436816498,0.4571566896052866,0.0002053350581887551,0.0006200893549248576
2,0.7,1.2,0.8,0.6,33.90302509891746,0.021847200583767396,33.24585013438074,0.07953183992198956,0.3962581938854061,0.0001447343321689526,0.001435433339793235
2,0.7,1.2,0.8,1.0,34.00661293541727,0.021796558355856636,33.32398698467538,0.08777910622002812,0.39715955288968846,0.0001447343321689526,0.0009636684553697705
2,0.7,1.2,0.8,1.6,34.029066827959745,0.021803912396037482,33.31288424695634,0.09904786286235256,0.39700563291419283,0.0001447343321689526,0.0006200893549248576
2,0.7,1.2,1.2,0.6,27.97859302249929,0.021811081176659152,27.43461986872097,0.06660244599591182,0.32188654003212114,0.00012521526622929786,0.001435433339793235
2,0.7,1.2,1.2,1.0,28.092985946159395,0.021769269896752336,27.487573257439227,0.08694195685392207,0.3224908831451662,0.00012521526622929786,0.0009636684553697705
2,0.7,1.2,1.2,1.6,28.09902480364342,0.0217734328458106,27.483020364126585,0.09052221097363441,0.3224407823637691,0.00012521526622929786,0.0006200893549248576
2,0.8,0.4,0.4,0.6,37.483688691204655,0.020185973099314764,35.15839697183347,0.6162116110542696,0.4559844960580922,0.00018595683011091158,0.001435433339793235
2,0.8,0.4,0.4,1.0,37.383556662519624,0.020222614446558748,35.09475987967509,0.6043567952027028,0.4551588952042219,0.00018595683011091158,0.0009636684553697705
2,0.8,0.4,0.4,1.6,37.30080445766602,0.020283716177953312,34.989497804557374,0.612328270182787,0.4537963125268242,0.00018595683011091158,0.0006200893549248576
2,0.8,0.4,0.8,0.6,31.835730248598356,0.020210749436515272,29.62027471820755,0.6017103952400742,0.3896421673661349,0.0001359928866494775,0.001435433339793235
2,0.8,0.4,0.8,1.0,31.836993193113432,0.020240024302305048,29.577394387215076,0.6166501416358554,0.3890784582858795,0.0001359928866494775,0.0009636684553697705
2,0.8,0.4,0.8,1.6,31.66117275982481,0.020337594323039897,29.435693837507774,0.6058984172676184,0.38721925151866954,0.0001359928866494775,0.0006200893549248576
2,0.8,0.4,1.2,0.6,26.40428692044292,0.020270822016311273,24.206844986477073,0.6203408286628049,0.31568185563751533,0.00012046773890266038,0.001435433339793235
2,0.8,0.4,1.2,1.0,26.33904024815116,0.02030710887879871,24.16427751384246,0.6129983694224579,0.31513527630424154,0.00012046773890266038,0.0009636684553697705
2,0.8,0.4,1.2,1.6,26.24793924231931,0.020393585555266693,24.06138930530194,0.6173803265854049,0.3137932045777384,0.00012046773890266038,0.0006200893549248576
2,0.8,0.8,0.4,0.6,36.694163790358004,0.020331122825771392,34.4382893102936,0.595980496221682,0.44711545152261145,0.00018595683011091158,0.001435433339793235
2,0.8,0.8,0.4,1.0,36.67632453291782,0.02031990126901649,34.45772366908488,0.5835230517544507,0.44736691971492415,0.00018595683011091158,0.0009636684553697705
2,0.8,0.8,0.4,1.6,36.559740976934386,0.020410326035948608,34.30449740149208,0.5964021346477811,0.4453850316074994,0.00018595683011091158,0.0006200893549248576
2,0.8,0.8,0.8,0.6,31.237567026842907,0.020297350173548338,29.004657010709877,0.6099281080239415,0.3823569140197246,0.0001359928866494775,0.001435433339793235
2,0.8,0.8,0.8,1.0,31.241927498705856,0.020295739001563475,29.007091639728657,0.610606559667463,0.38239054257063637,0.0001359928866494775,0.0009636684553697705
2,0.8,0.8,0.8,1.6,31.14371670426422,0.020361281623111103,28.913816733232057,0.6093786629315656,0.3811758759418845,0.0001359928866494775,0.0006200893549248576
2,0.8,0.8,1.2,0.6,25.730515377937742,0.020373469514012085,23.568777064361623,0.6107916559446293,0.3085231059046091,0.00012046773890266038,0.001435433339793235
2,0.8,0.8,1.2,1.0,25.729878388095678,0.02037978415865053,23.56209001731102,0.6128820835127343,0.30843709522951823,0.00012046773890266038,0.0009636684553697705
2,0.8,0.8,1.2,1.6,25.677166012807724,0.020443627695164227,23.488181728443088,0.6202805533594866,0.3074768294628591,0.00012046773890266038,0.0006200893549248576
2,0.8,1.2,0.4,0.6,35.79716534588421,0.020498566754840533,33.60167103889744,0.5793277073406332,0.43652620115905716,0.00018595683011091158,0.001435433339793235
2,0.8,1.2,0.4,1.0,35.87116000387966,0.02046065119705926,33.664412355850864,0.5828656731083844,0.43734508992093113,0.00018595683011091158,0.0009636684553697705
2,0.8,1.2,0.4,1.6,35.81740205067454,0.02050999059213617,33.582819457032656,0.5925125660366316,0.436293091084336,0.00018595683011091158,0.0006200893549248576
2,0.8,1.2,0.8,0.6,30.366432252910876,0.020468356880629535,28.231174926474875,0.5807101713423105,0.3721870276605051,0.0001359928866494775,0.001435433339793235
2,0.8,1.2,0.8,1.0,30.418265682636346,0.020454279886804157,28.251083455613127,0.5913151892413155,0.3724524810098628,0.0001359928866494775,0.0009636684553697705
2,0.8,1.2,0.8,1.6,30.41486803050758,0.020465506788346327,28.23506317388354,0.5956167646402846,0.37226223124236774,0.0001359928866494775,0.0006200893549248576
2,0.8,1.2,1.2,0.6,25.00020761605635,0.020466396153405144,22.93191134981979,0.5824104649449642,0.30013170492465624,0.00012046773890266038,0.001435433339793235
2,0.8,1.2,1.2,1.0,25.07087626412157,0.020461139141436237,22.937557351370614,0.604100587914091,0.3002307690089633,0.00012046773890266038,0.0009636684553697705
2,0.8,1.2,1.2,1.6,25.080863148323903,0.020477301379637675,22.918947525608626,0.6137328927974643,0.3000174758150952,0.00012046773890266038,0.0006200893549248576
2,0.9,0.4,0.4,0.6,38.42308911817913,0.019500654481437243,37.30952641061252,0.2238957897387873,0.4218930611310637,0.00016997578599749902,0.001435433339793235
2,0.9,0.4,0.4,1.0,38.32048532288352,0.019548387251011646,37.21917496497026,0.22018915682027304,0.4208544069290192,0.00016997578599749902,0.0009636684553697705
2,0.9,0.4,0.4,1.6,38.13778371719756,0.019619035746762607,37.085670424654374,0.20430227528356754,0.419350411403443,0.00016997578599749902,0.0006200893549248576
2,0.9,0.4,0.8,0.6,29.09891741215136,0.01954877397245398,28.100300605355,0.21516763298349953,0.33309468160224504,0.00013274089741889886,0.001435433339793235
2,0.9,0.4,0.8,1.0,29.01828265900621,0.01960217013091166,28.02436875849519,0.2139333245687887,0.33218283386790526,0.00013274089741889886,0.0009636684553697705
2,0.9,0.4,0.8,1.6,28.898768445532465,0.01966006506981759,27.94246070847126,0.20174221433685582,0.33119517990511727,0.00013274089741889886,0.0006200893549248576
2,0.9,0.4,1.2,0.6,22.20968596854239,0.019666463858743228,21.150560497438068,0.26640853929550345,0.2397672960633316,0.00011821097934515065,0.001435433339793235
2,0.9,0.4,1.2,1.0,22.171119150973468,0.019701594027244036,21.113141428529005,0.26620805836803707,0.23932738948269092,0.00011821097934515065,0.0009636684553697705
2,0.9,0.4,1.2,1.6,22.050664163156647,0.019759839481399085,21.050601345238697,0.24716073903812277,0.23859927122190308,0.00011821097934515065,0.0006200893549248576
2,0.9,0.8,0.4,0.6,38.51237631943888,0.019635026002254228,37.89442482337068,0.05765424645680558,0.42487210795778824,0.00016997578599749902,0.001435433339793235
2,0.9,0.8,0.4,1.0,38.44863742491596,0.0196607396641822,37.84524575242489,0.05303265216761569,0.42429288305163054,0.00016997578599749902,0.0009636684553697705
2,0.9,0.8,0.4,1.6,38.33904175559785,0.01972725322497226,37.71790312424855,0.059436767827530615,0.42286405509945857,0.00016997578599749902,0.0006200893549248576
2,0.9,0.8,0.8,0.6,29.943316467681935,0.019611736204955446,28.91953687264474,0.22192879487691144,0.3379110219303407,0.00013274089741889886,0.001435433339793235
2,0.9,0.8,0.8,1.0,29.934776297756898,0.01962807577889196,28.89628948065961,0.22696884868441344,0.3376232724593156,0.00013274089741889886,0.0009636684553697705
2,0.9,0.8,0.8,1.6,29.82429892755591,0.019689943273768707,28.80598499865225,0.22061615788926844,0.336549662886381,0.00013274089741889886,0.0006200893549248576
2,0.9,0.8,1.2,0.6,23.01748327498667,0.019670460003117708,22.069736182991765,0.22734677018229932,0.24557022814915347,0.00011821097934515065,0.001435433339793235
2,0.9,0.8,1.2,1.0,22.99177892451626,0.019672332601820233,22.067937187431664,0.21943763920626846,0.24553192303355809,0.00011821097934515065,0.0009636684553697705
2,0.9,0.8,1.2,1.6,22.86047749967259,0.019759132006753544,21.971269212911334,0.20826258162909178,0.24443991976694623,0.00011821097934515065,0.0006200893549248576
2,0.9,1.2,0.4,0.6,39.16001242716667,0.019812649925524655,38.55472945530596,0.05219803488859275,0.42839459453166845,0.00016997578599749902,0.001435433339793235
2,0.9,1.2,0.4,1.0,39.22491078022674,0.019775629535629818,38.62721671664149,0.04946752616521584,0.4291757622815612,0.00016997578599749902,0.0009636684553697705
2,0.9,1.2,0.4,1.6,39.10985635683289,0.019845462683282307,38.49166605667075,0.056816723257173844,0.42765764816505825,0.00016997578599749902,0.0006200893549248576
2,0.9,1.2,0.8,0.6,30.35138832991343,0.019797474303976235,29.74157117766354,0.08248610333139114,0.3420909156805768,0.00013274089741889886,0.001435433339793235
2,0.9,1.2,0.8,1.0,30.38764247211618,0.019749628911192703,29.81399850791,0.07022071892848251,0.3429032557037025,0.00013274089741889886,0.0009636684553697705
2,0.9,1.2,0.8,1.6,30.25281543484191,0.01982665322179593,29.69846697427926,0.06424394336366801,0.3415641281741494,0.00013274089741889886,0.0006200893549248576
2,0.9,1.2,1.2,0.6,23.461330741080307,0.019806489760660795,23.033656380870244,0.052057432558497325,0.2512294794781678,0.00011821097934515065,0.001435433339793235
2,0.9,1.2,1.2,1.0,23.458381957166182,0.019768963826557358,23.077952041367375,0.03621606636983829,0.2516881890323226,0.00011821097934515065,0.0009636684553697705
2,0.9,1.2,1.2,1.6,23.385687418616428,0.019839513796565542,22.996366002356673,0.03949369933731496,0.2507793143509644,0.00011821097934515065,0.0006200893549248576
3,0.7,0.4,0.4,0.6,39.375575657238336,0.021534031381309632,38.31110963179881,0.1961905814708987,0.4538680191261342,0.0002053350581887551,0.001435433339793235
3,0.7,0.4,0.4,1.0,39.31805037712349,0.021555459146058147,38.27362773717942,0.1897015579602958,0.45341180586306185,0.0002053350581887551,0.0009636684553697705
3,0.7,0.4,0.4,1.6,39.15530248047761,0.021617928319321515,38.16288981750435,0.1728154087018661,0.45210088122441333,0.0002053350581887551,0.0006200893549248576
3,0.7,0.4,0.8,0.6,32.83845437224136,0.021538798895693913,31.968024003653472,0.1528361640887228,0.38990902712443914,0.0001447343321689526,0.001435433339793235
3,0.7,0.4,0.8,1.0,32.8078194000907,0.02153129775634022,31.979455190545284,0.13882332330960134,0.39003042102400937,0.0001447343321689526,0.0009636684553697705
3,0.7,0.4,0.8,1.6,32.67171341888549,0.021595788264035628,31.88429702053096,0.12557581953728064,0.38886370437253437,0.0001447343321689526,0.0006200893549248576
3,0.7,0.4,1.2,0.6,26.837685497899407,0.021669455393683035,25.925623003110577,0.19261201894761232,0.312088787970504,0.00012521526622929786,0.001435433339793235
3,0.7,0.4,1.2,1.0,26.79508476194602,0.021690204692235458,25.90075843411121,0.18683925327308232,0.31179169820684355,0.00012521526622929786,0.0009636684553697705
3,0.7,0.4,1.2,1.6,26.680620729413803,0.02173002937284388,25.85328172814256,0.16472593746034173,0.31120756813102796,0.00012521526622929786,0.0006200893549248576
3,0.7,0.8,0.4,0.6,39.94056509197767,0.021667254490200523,39.01777087507796,0.14807610612629146,0.4564064135112379,0.0002053350581887551,0.001435433339793235
3,0.7,0.8,0.4,1.0,39.92028064411651,0.021671018608169362,39.01136812304526,0.14352442696516143,0.45631752051353036,0.0002053350581887551,0.0009636684553697705
3,0.7,0.8,0.4,1.6,39.84327848757947,0.021713582421966797,38.935275549183686,0.14354135494842318,0.45541766380461707,0.0002053350581887551,0.0006200893549248576
3,0.7,0.8,0.8,0.6,33.19304616270613,0.021607094647692685,32.662268149978246,0.038232042174556814,0.39400074125493867,0.0001447343321689526,0.001435433339793235
3,0.7,0.8,0.8,1.0,33.14192399972502,0.021624941137984587,32.63599495112765,0.030099212613941616,0.3936739487813091,0.0001447343321689526,0.0009636684553697705
3,0.7,0.8,0.8,1.6,33.155780518507115,0.02161995898911727,32.64393640788275,0.03207923906651385,0.3937569873295819,0.0001447343321689526,0.0006200893549248576
3,0.7,0.8,1.2,0.6,27.404935996586026,0.021681753441264846,26.674890883355776,0.1302341095163928,0.31719283665800124,0.00012521526622929786,0.001435433339793235
3,0.7,0.8,1.2,1.0,27.38244411869801,0.0216872366560588,26.66855002870341,0.12492347887456799,0.31710975159835564,0.00012521526622929786,0.0009636684553697705
3,0.7,0.8,1.2,1.6,27.335858110086495,0.021722068721936147,26.6257965303291,0.12384000893638188,0.3165958928399646,0.00012521526622929786,0.0006200893549248576
3,0.7,1.2,0.4,0.6,40.1880639558854,0.02196573554434157,39.49153468172154,0.0724594646043866,0.4566929142869714,0.0002053350581887551,0.001435433339793235
3,0.7,1.2,0.4,1.0,40.286612855474075,0.021934989178322692,39.547254993360596,0.08658434257049195,0.45731914416961855,0.0002053350581887551,0.0009636684553697705
3,0.7,1.2,0.4,1.6,40.31299797308823,0.021941957200998004,39.53470087585352,0.09965027436816498,0.4571566896052866,0.0002053350581887551,0.0006200893549248576
3,0.7,1.2,0.8,0.6,33.90302509891746,0.021847200583767396,33.24585013438074,0.07953183992198956,0.3962581938854061,0.0001447343321689526,0.001435433339793235
3,0.7,1.2,0.8,1.0,34.00661293541727,0.021796558355856636,33.32398698467538,0.08777910622002812,0.39715955288968846,0.0001447343321689526,0.0009636684553697705
3,0.7,1.2,0.8,1.6,34.029066827959745,0.021803912396037482,33.31288424695634,0.09904786286235256,0.39700563291419283,0.0001447343321689526,0.0006200893549248576
3,0.7,1.2,1.2,0.6,27.97859302249929,0.021811081176659152,27.43461986872097,0.06660244599591182,0.32188654003212114,0.00012521526622929786,0.001435433339793235
3,0.7,1.2,1.2,1.0,28.092985946159395,0.021769269896752336,27.487573257439227,0.08694195685392207,0.3224908831451662,0.00012521526622929786,0.0009636684553697705
3,0.7,1.2,1.2,1.6,28.09902480364342,0.0217734328458106,27.483020364126585,0.09052221097363441,0.3224407823637691,0.00012521526622929786,0.0006200893549248576
3,0.8,0.4,0.4,0.6,37.483688691204655,0.020185973099314764,35.15839697183347,0.6162116110542696,0.4559844960580922,0.00018595683011091158,0.001435433339793235
3,0.8,0.4,0.4,1.0,37.383556662519624,0.020222614446558748,35.09475987967509,0.6043567952027028,0.4551588952042219,0.00018595683011091158,0.0009636684553697705
3,0.8,0.4,0.4,1.6,37.30080445766602,0.020283716177953312,34.989497804557374,0.612328270182787,0.4537963125268242,0.00018595683011091158,0.0006200893549248576
3,0.8,0.4,0.8,0.6,31.835730248598356,0.020210749436515272,29.62027471820755,0.6017103952400742,0.3896421673661349,0.0001359928866494775,0.001435433339793235
3,0.8,0.4,0.8,1.0,31.836993193113432,0.020240024302305048,29.577394387215076,0.6166501416358554,0.3890784582858795,0.0001359928866494775,0.0009636684553697705
3,0.8,0.4,0.8,1.6,31.66117275982481,0.020337594323039897,29.435693837507774,0.6058984172676184,0.38721925151866954,0.0001359928866494775,0.0006200893549248576
3,0.8,0.4,1.2,0.6,26.40428692044292,0.020270822016311273,24.206844986477073,0.6203408286628049,0.31568185563751533,0.00012046773890266038,0.001435433339793235
3,0.8,0.4,1.2,1.0,26.33904024815116,0.02030710887879871,24.16427751384246,0.6129983694224579,0.31513527630424154,0.00012046773890266038,0.0009636684553697705
3,0.8,0.4,1.2,1.6,26.24793924231931,0.020393585555266693,24.06138930530194,0.6173803265854049,0.3137932045777384,0.00012046773890266038,0.0006200893549248576
3,0.8,0.8,0.4,0.6,36.694163790358004,0.020331122825771392,34.4382893102936,0.595980496221682,0.44711545152261145,0.00018595683011091158,0.001435433339793235
3,0.8,0.8,0.4,1.0,36.67632453291782,0.02031990126901649,34.45772366908488,0.5835230517544507,0.44736691971492415,0.00018595683011091158,0.0009636684553697705
3,0.8,0.8,0.4,1.6,36.559740976934386,0.020410326035948608,34.30449740149208,0.5964021346477811,0.4453850316074994,0.00018595683011091158,0.0006200893549248576
3,0.8,0.8,0.8,0.6,31.237567026842907,0.020297350173548338,29.004657010709877,0.6099281080239415,0.3823569140197246,0.0001359928866494775,0.001435433339793235
3,0.8,0.8,0.8,1.0,31.241927498705856,0.020295739001563475,29.007091639728657,0.610606559667463,0.38239054257063637,0.0001359928866494775,0.0009636684553697705
3,0.8,0.8,0.8,1.6,31.14371670426422,0.020361281623111103,28.913816733232057,0.6093786629315656,0.3811758759418845,0.0001359928866494775,0.0006200893549248576
3,0.8,0.8,1.2,0.6,25.730515377937742,0.020373469514012085,23.568777064361623,0.6107916559446293,0.3085231059046091,0.00012046773890266038,0.001435433339793235
3,0.8,0.8,1.2,1.0,25.729878388095678,0.02037978415865053,23.56209001731102,0.6128820835127343,0.30843709522951823,0.00012046773890266038,0.0009636684553697705
3,0.8,0.8,1.2,1.6,25.677166012807724,0.020443627695164227,23.488181728443088,0.6202805533594866,0.3074768294628591,0.00012046773890266038,0.0006200893549248576
3,0.8,1.2,0.4,0.6,35.79716534588421,0.020498566754840533,33.60167103889744,0.5793277073406332,0.43652620115905716,0.00018595683011091158,0.001435433339793235
3,0.8,1.2,0.4,1.0,35.87116000387966,0.02046065119705926,33.664412355850864,0.5828656731083844,0.43734508992093113,0.00018595683011091158,0.0009636684553697705
3,0.8,1.2,0.4,1.6,35.81740205067454,0.02050999059213617,33.582819457032656,0.5925125660366316,0.436293091084336,0.00018595683011091158,0.0006200893549248576
3,0.8,1.2,0.8,0.6,30.366432252910876,0.020468356880629535,28.231174926474875,0.5807101713423105,0.3721870276605051,0.0001359928866494775,0.001435433339793235
3,0.8,1.2,0.8,1.0,30.418265682636346,0.020454279886804157,28.251083455613127,0.5913151892413155,0.3724524810098628,0.0001359928866494775,0.0009636684553697705
3,0.8,1.2,0.8,1.6,30.41486803050758,0.020465506788346327,28.23506317388354,0.5956167646402846,0.37226223124236774,0.0001359928866494775,0.0006200893549248576
3,0.8,1.2,1.2,0.6,25.00020761605635,0.020466396153405144,22.93191134981979,0.5824104649449642,0.30013170492465624,0.00012046773890266038,0.001435433339793235
3,0.8,1.2,1.2,1.0,25.07087626412157,0.020461139141436237,22.937557351370614,0.604100587914091,0.3002307690089633,0.00012046773890266038,0.0009636684553697705
3,0.8,1.2,1.2,1.6,25.080863148323903,0.020477301379637675,22.918947525608626,0.6137328927974643,0.3000174758150952,0.00012046773890266038,0.0006200893549248576
3,0.9,0.4,0.4,0.6,38.42308911817913,0.019500654481437243,37.30952641061252,0.2238957897387873,0.4218930611310637,0.00016997578599749902,0.001435433339793235
3,0.9,0.4,0.4,1.0,38.32048532288352,0.019548387251011646,37.21917496497026,0.22018915682027304,0.4208544069290192,0.00016997578599749902,0.0009636684553697705
3,0.9,0.4,0.4,1.6,38.13778371719756,0.019619035746762607,37.085670424654374,0.20430227528356754,0.419350411403443,0.00016997578599749902,0.0006200893549248576
3,0.9,0.4,0.8,0.6,29.09891741215136,0.01954877397245398,28.100300605355,0.21516763298349953,0.33309468160224504,0.00013274089741889886,0.001435433339793235
3,0.9,0.4,0.8,1.0,29.01828265900621,0.01960217013091166,28.02436875849519,0.2139333245687887,0.33218283386790526,0.00013274089741889886,0.0009636684553697705
3,0.9,0.4,0.8,1.6,28.898768445532465,0.01966006506981759,27.94246070847126,0.20174221433685582,0.33119517990511727,0.00013274089741889886,0.0006200893549248576
3,0.9,0.4,1.2,0.6,22.20968596854239,0.019666463858743228,21.150560497438068,0.26640853929550345,0.2397672960633316,0.00011821097934515065,0.001435433339793235
3,0.9,0.4,1.2,1.0,22.171119150973468,0.019701594027244036,21.113141428529005,0.26620805836803707,0.23932738948269092,0.00011821097934515065,0.0009636684553697705
3,0.9,0.4,1.2,1.6,22.050664163156647,0.019759839481399085,21.050601345238697,0.24716073903812277,0.23859927122190308,0.00011821097934515065,0.0006200893549248576
3,0.9,0.8,0.4,0.6,38.51237631943888,0.019635026002254228,37.89442482337068,0.05765424645680558,0.42487210795778824,0.00016997578599749902,0.001435433339793235
3,0.9,0.8,0.4,1.0,38.44863742491596,0.0196607396641822,37.84524575242489,0.05303265216761569,0.42429288305163054,0.00016997578599749902,0.0009636684553697705
3,0.9,0.8,0.4,1.6,38.33904175559785,0.01972725322497226,37.71790312424855,0.059436767827530615,0.42286405509945857,0.00016997578599749902,0.0006200893549248576
3,0.9,0.8,0.8,0.6,29.943316467681935,0.019611736204955446,28.91953687264474,0.22192879487691144,0.3379110219303407,0.00013274089741889886,0.001435433339793235
3,0.9,0.8,0.8,1.0,29.934776297756898,0.01962807577889196,28.89628948065961,0.22696884868441344,0.3376232724593156,0.00013274089741889886,0.0009636684553697705
3,0.9,0.8,0.8,1.6,29.82429892755591,0.019689943273768707,28.80598499865225,0.22061615788926844,0.336549662886381,0.00013274089741889886,0.0006200893549248576
3,0.9,0.8,1.2,0.6,23.01748327498667,0.019670460003117708,22.069736182991765,0.22734677018229932,0.24557022814915347,0.00011821097934515065,0.001435433339793235
3,0.9,0.8,1.2,1.0,22.99177892451626,0.019672332601820233,22.067937187431664,0.21943763920626846,0.24553192303355809,0.00011821097934515065,0.0009636684553697705
3,0.9,0.8,1.2,1.6,22.86047749967259,0.019759132006753544,21.971269212911334,0.20826258162909178,0.24443991976694623,0.00011821097934515065,0.0006200893549248576
3,0.9,1.2,0.4,0.6,39.16001242716667,0.019812649925524655,38.55472945530596,0.05219803488859275,0.42839459453166845,0.00016997578599749902,0.001435433339793235
3,0.9,1.2,0.4,1.0,39.22491078022674,0.019775629535629818,38.62721671664149,0.04946752616521584,0.4291757622815612,0.00016997578599749902,0.0009636684553697705
3,0.9,1.2,0.4,1.6,39.10985635683289,0.019845462683282307,38.49166605667075,0.056816723257173844,0.42765764816505825,0.00016997578599749902,0.0006200893549248576
3,0.9,1.2,0.8,0.6,30.35138832991343,0.019797474303976235,29.74157117766354,0.08248610333139114,0.3420909156805768,0.00013274089741889886,0.001435433339793235
3,0.9,1.2,0.8,1.0,30.38764247211618,0.019749628911192703,29.81399850791,0.07022071892848251,0.3429032557037025,0.00013274089741889886,0.0009636684553697705
3,0.9,1.2,0.8,1.6,30.25281543484191,0.01982665322179593,29.69846697427926,0.06424394336366801,0.3415641281741494,0.00013274089741889886,0.0006200893549248576
3,0.9,1.2,1.2,0.6,23.461330741080307,0.019806489760660795,23.033656380870244,0.052057432558497325,0.2512294794781678,0.00011821097934515065,0.001435433339793235
3,0.9,1.2,1.2,1.0,23.458381957166182,0.019768963826557358,23.077952041367375,0.03621606636983829,0.2516881890323226,0.00011821097934515065,0.0009636684553697705
3,0.9,1.2,1.2,1.6,23.385687418616428,0.019839513796565542,22.996366002356673,0.03949369933731496,0.2507793143509644,0.00011821097934515065,0.0006200893549248576
2,0.8,0.27999999999999997,0.84,1.1199999999999999,31.40180404360898,0.020252094050231477,29.130715002858903,0.6226233870477822,0.3826715641652108,0.00013499167255899558,0.0008490796317346394
2,0.8,0.27999999999999997,0.84,1.36,31.32092224166274,0.020298513563204154,29.06390950266575,0.6182170707754313,0.38180768346349225,0.00013499167255899558,0.0007161071407608688
2,0.8,0.27999999999999997,0.84,1.6,31.273405306418564,0.020326735412229152,29.02341698634914,0.6160523997426116,0.3812778611211118,0.00013499167255899558,0.0006200893549248576
2,0.8,0.27999999999999997,0.84,1.92,31.230753683456445,0.020361543176179636,28.977471082959216,0.6173463348197527,0.3806853377095152,0.00013499167255899558,0.0005207255017012358
2,0.8,0.27999999999999997,0.84,2.4000000000000004,31.33865118566965,0.020396842027498207,29.096762543201162,0.6130064398683519,0.3822910385938945,0.00013499167255899558,0.0004698158008977771
2,0.8,0.27999999999999997,1.02,1.1199999999999999,29.101705657418282,0.020316431552898948,26.875800991749102,0.6176831499069968,0.3522450884288231,0.00012990692315544353,0.0008490796317346394
2,0.8,0.27999999999999997,1.02,1.36,29.02360468652084,0.020373744372141386,26.799993869505744,0.6172436696378343,0.351252259510277,0.00012990692315544353,0.0007161071407608688
2,0.8,0.27999999999999997,1.02,1.6,29.016701592214794,0.020388439894675935,26.780846499720717,0.6214146647911267,0.3509976593425947,0.00012990692315544353,0.0006200893549248576
2,0.8,0.27999999999999997,1.02,1.92,28.962787028674647,0.02043246989094675,26.726813854799186,0.6216834480623622,0.35029517006997235,0.00012990692315544353,0.0005207255017012358
2,0.8,0.27999999999999997,1.02,2.4000000000000004,29.06800630344757,0.020455402536847186,26.852797696965055,0.6141955967426067,0.35198649690063244,0.00012990692315544353,0.0004698158008977771
2,0.8,0.27999999999999997,1.2,1.1199999999999999,26.403822894907808,0.020338990940035107,24.17701222811019,0.6303722761948197,0.31506398306193323,0.00012046773890266038,0.0008490796317346394
2,0.8,0.27999999999999997,1.2,1.36,26.362001428395672,0.020370068124114418,24.14003331922596,0.6289212350369113,0.314583363470963,0.00012046773890266038,0.0007161071407608688
2,0.8,0.27999999999999997,1.2,1.6,26.30894451290462,0.020403889563681235,24.10004671573836,0.6247402568739596,0.31405096985254805,0.00012046773890266038,0.0006200893549248576
2,0.8,0.27999999999999997,1.2,1.92,26.280811170011,0.02042239364315795,24.082245540988616,0.6213757260257966,0.3138236993296545,0.00012046773890266038,0.0005207255017012358
2,0.8,0.27999999999999997,1.2,2.4000000000000004,26.353457656871857,0.020473090721168503,24.16136163137594,0.618844384293857,0.31491269683123463,0.00012046773890266038,0.0004698158008977771
2,0.8,0.27999999999999997,1.44,1.1199999999999999,23.433762329522793,0.020362142478592568,21.32215325232064,0.6053397990708961,0.27493782932485455,0.00011661432165590777,0.0008490796317346394
2,0.8,0.27999999999999997,1.44,1.36,23.447594870109956,0.020398209838011536,21.28425466004955,0.6227438849602026,0.2744605289030621,0.00011661432165590777,0.0007161071407608688
2,0.8,0.27999999999999997,1.44,1.6,23.42762693652248,0.020416575865918538,21.265253237696356,0.6225075991119051,0.274213314521509,0.00011661432165590777,0.0006200893549248576
2,0.8,0.27999999999999997,1.44,1.92,23.34479155456273,0.02044707529714017,21.237155851267932,0.6043823207906098,0.27385046367881766,0.00011661432165590777,0.0005207255017012358
2,0.8,0.27999999999999997,1.44,2.4000000000000004,23.435375809923233,0.020504161835812905,21.298009679969947,0.6139884732095847,0.27472061945195164,0.00011661432165590777,0.0004698158008977771
2,0.8,0.27999999999999997,1.7999999999999998,1.1199999999999999,19.819515611210402,0.02040480504346588,17.75927927395161,0.6050947110318821,0.224258202611125,0.00011490873012833663,0.0008490796317346394
2,0.8,0.27999999999999997,1.7999999999999998,1.36,19.79150429727726,0.020448870002647442,17.720469232093652,0.6088527993475784,0.22377849237696149,0.00011490873012833663,0.0007161071407608688
2,0.8,0.27999999999999997,1.7999999999999998,1.6,19.781108178718114,0.02046996319437385,17.702333736241716,0.6115092103184915,0.22355634890103482,0.00011490873012833663,0.0006200893549248576
2,0.8,0.27999999999999997,1.7999999999999998,1.92,19.731966434351804,0.020496905548774123,17.68255198943414,0.6018059775080903,0.2233089165750707,0.00011490873012833663,0.0005207255017012358
2,0.8,0.27999999999999997,1.7999999999999998,2.4000000000000004,19.76622468946368,0.020547683616534935,17.735224922559166,0.5953871474466781,0.2241152235886354,0.00011490873012833663,0.0004698158008977771
2,0.8,0.34,0.84,1.1199999999999999,31.355648519114055,0.02027772051427696,29.06810305678065,0.6283775721863579,0.38183980386876815,0.00013499167255899558,0.0008490796317346394
2,0.8,0.34,0.84,1.36,31.329369385878195,0.02029642832125103,29.040948463238262,0.6287962736171434,0.3814803438232555,0.00013499167255899558,0.0007161071407608688
2,0.8,0.34,0.84,1.6,31.24594195808503,0.020334951870158793,28.985811898477102,0.6196019981848633,0.38076258887493275,0.00013499167255899558,0.0006200893549248576
2,0.8,0.34,0.84,1.92,31.224736009693576,0.020367566199781566,28.943190260156857,0.6269230421865783,0.3802123416249242,0.00013499167255899558,0.0005207255017012358
2,0.8,0.34,0.84,2.4000000000000004,31.301650888128243,0.020400026932063234,29.06592015423429,0.6110959299180626,0.3818614749656627,0.00013499167255899558,0.0004698158008977771
2,0.8,0.34,1.02,1.1199999999999999,29.04237973065932,0.020325952935415142,26.83435715725947,0.6118951570825677,0.35171745325026793,0.00012990692315544353,0.0008490796317346394
2,0.8,0.34,1.02,1.36,29.02821028926301,0.0203567550346415,26.793728540512483,0.6208959230110555,0.3511834204635486,0.00012990692315544353,0.0007161071407608688
2,0.8,0.34,1.02,1.6,29.001791897317126,0.020371073674646842,26.774994609457785,0.6184222293296213,0.35093452731240726,0.00012990692315544353,0.0006200893549248576
2,0.8,0.34,1.02,1.92,28.95240091200942,0.020415564021945456,26.720590779907916,0.6203247087352056,0.3502252521464852,0.00012990692315544353,0.0005207255017012358
2,0.8,0.34,1.02,2.4000000000000004,29.05403874837568,0.02044118899489474,26.842911062650867,0.6128786211047873,0.35187071659834224,0.00012990692315544353,0.0004698158008977771
2,0.8,0.34,1.2,1.1199999999999999,26.3771577023485,0.0203350889480662,24.151902547041406,0.6299574135299851,0.31475696155788463,0.00012046773890266038,0.0008490796317346394
2,0.8,0.34,1.2,1.36,26.341327091547814,0.020366083256929256,24.114847733055434,0.6305281825100727,0.3142777552413356,0.00012046773890266038,0.0007161071407608688
2,0.8,0.34,1.2,1.6,26.292028588252506,0.020392856830688335,24.08311462910948,0.6248148393539183,0.31385441712243184,0.00012046773890266038,0.0006200893549248576
2,0.8,0.34,1.2,1.92,26.239920786394173,0.020430295088031687,24.04322931444615,0.6209116291853957,0.3133339313316201,0.00012046773890266038,0.0005207255017012358
2,0.8,0.34,1.2,2.4000000000000004,26.33527218719346,0.02046297565722034,24.143403899192485,0.618842232367437,0.3147015301795017,0.00012046773890266038,0.0004698158008977771
2,0.8,0.34,1.44,1.1199999999999999,23.428943981645148,0.020347419321708547,21.306729332905185,0.6089328677394965,0.2747789180137494,0.00011661432165590777,0.0008490796317346394
2,0.8,0.34,1.44,1.36,23.40847809939374,0.020391287213960968,21.260893441121624,0.6175831515525334,0.27419409996183,0.00011661432165590777,0.0007161071407608688
2,0.8,0.34,1.44,1.6,23.37127621184655,0.02040358901840066,21.24792514991348,0.6095663678593021,0.27402735823378443,0.00011661432165590777,0.0006200893549248576
2,0.8,0.34,1.44,1.92,23.334049513630337,0.02044530192046917,21.208386696694266,0.610501919955136,0.27352055320318835,0.00011661432165590777,0.0005207255017012358
2,0.8,0.34,1.44,2.4000000000000004,23.421093321885103,0.020496244129811575,21.27574685688921,0.6167352332228174,0.27446859216085884,0.00011661432165590777,0.0004698158008977771
2,0.8,0.34,1.7999999999999998,1.1199999999999999,19.791614277307946,0.02041549825135474,17.72009019314632,0.6090131082829057,0.22378006455299848,0.00011490873012833663,0.0008490796317346394
2,0.8,0.34,1.7999999999999998,1.36,19.7271288042598,0.02045151403094294,17.68854891038243,0.5981616236837405,0.22339420403394206,0.00011490873012833663,0.0007161071407608688
2,0.8,0.34,1.7999999999999998,1.6,19.721249746504075,0.020475469602253573,17.668149555198625,0.603087064729712,0.223143028088542,0.00011490873012833663,0.0006200893549248576
2,0.8,0.34,1.7999999999999998,1.92,19.659370737747707,0.020514731679109395,17.63816768480268,0.5925774740735871,0.22276520877560446,0.00011490873012833663,0.0005207255017012358
2,0.8,0.34,1.7999999999999998,2.4000000000000004,19.72954149439219,0.020537777186530576,17.71410999183761,0.5902829475469263,0.22386946536796576,0.00011490873012833663,0.0004698158008977771
2,0.8,0.4,0.84,1.1199999999999999,31.36425092295634,0.020272235907621856,29.057181932542377,0.634872230460776,0.38188484173272746,0.00013499167255899558,0.0008490796317346394
2,0.8,0.4,0.84,1.36,31.290261407786044,0.020303900987497833,29.011795291961082,0.6255385628685493,0.3812911965878249,0.00013499167255899558,0.0007161071407608688
2,0.8,0.4,0.84,1.6,31.221683225265796,0.020341405700996518,28.95801397828577,0.6208399186292061,0.38058156108316565,0.00013499167255899558,0.0006200893549248576
2,0.8,0.4,0.84,1.92,31.18394523626732,0.020381834561557635,28.904483644653634,0.6263311912895515,0.3798894680311937,0.00013499167255899558,0.0005207255017012358
2,0.8,0.4,0.84,2.4000000000000004,31.352086858674188,0.02038011256411933,29.07541987380756,0.6246452411759301,0.3821697065326771,0.00013499167255899558,0.0004698158008977771
2,0.8,0.4,1.02,1.1199999999999999,28.98728874967376,0.020333655338202954,26.8039106285712,0.6037412068010483,0.35152714939474844,0.00012990692315544353,0.0008490796317346394
2,0.8,0.4,1.02,1.36,28.991623152794123,0.020353470658756385,26.77780428699341,0.6140086756224182,0.3511855640555305,0.00012990692315544353,0.0007161071407608688
2,0.8,0.4,1.02,1.6,28.89923618935515,0.020395773292701785,26.722634575176315,0.6018406778602976,0.35045880842181615,0.00012990692315544353,0.0006200893549248576
2,0.8,0.4,1.02,1.92,28.86860863704282,0.020435791813541045,26.67408377671551,0.6080226415898236,0.3498259540168445,0.00012990692315544353,0.0005207255017012358
2,0.8,0.4,1.02,2.4000000000000004,28.996692574003205,0.020426882732365786,26.841362385115225,0.5942205213514115,0.3520618252841642,0.00012990692315544353,0.0004698158008977771
2,0.8,0.4,1.2,1.1199999999999999,26.33301633482846,0.020322907252129305,24.145382327192756,0.6173762742112955,0.3148914135384987,0.00012046773890266038,0.0008490796317346394
2,0.8,0.4,1.2,1.36,26.311390694000004,0.020364710895740837,24.09546619755186,0.6270219793201002,0.31424287512819943,0.00012046773890266038,0.0007161071407608688
2,0.8,0.4,1.2,1.92,26.220223839031807,0.020436920573787525,24.014419949932112,0.6239985144138288,0.3131790673122422,0.00012046773890266038,0.0005207255017012358
2,0.8,0.4,1.2,2.4000000000000004,26.338176961334874,0.020443064061221157,24.145862643712874,0.6189128642053765,0.31495557588270673,0.00012046773890266038,0.0004698158008977771
2,0.8,0.4,1.44,1.1199999999999999,23.422029124184483,0.020344359158638043,21.288391292572225,0.6127434132170029,0.27477352461659493,0.00011661432165590777,0.0008490796317346394
2,0.8,0.4,1.44,1.36,23.42982763180009,0.020365707579779367,21.265789301667443,0.6229768191055751,0.27449234879741813,0.00011661432165590777,0.0007161071407608688
2,0.8,0.4,1.44,1.6,23.355033872443645,0.020399065627238085,21.23134680667631,0.6096730921933374,0.2740477124571068,0.00011661432165590777,0.0006200893549248576
2,0.8,0.4,1.44,1.92,23.30176288193815,0.020456744426406402,21.174910074886952,0.6109639266325485,0.27331308078013283,0.00011661432165590777,0.0005207255017012358
2,0.8,0.4,1.44,2.4000000000000004,23.421978513514052,0.020470207411879392,21.280949422182044,0.6152048121672605,0.27476851838157834,0.00011661432165590777,0.0004698158008977771
2,0.8,0.4,1.7999999999999998,1.1199999999999999,19.83387244726116,0.020389540413490392,17.72265846095561,0.622174908886097,0.22401052272521232,0.00011490873012833663,0.0008490796317346394
2,0.8,0.4,1.7999999999999998,1.36,19.772787994791596,0.020438655474753344,17.67969655837752,0.6163090687428728,0.22347626994943964,0.00011490873012833663,0.0007161071407608688
2,0.8,0.4,1.7999999999999998,1.6,19.741849015122163,0.020473767546235953,17.649559998992217,0.616165388586963,0.22309858339730748,0.00011490873012833663,0.0006200893549248576
2,0.8,0.4,1.7999999999999998,1.92,19.682146663101047,0.020495730949981902,17.634278356138253,0.6014250652717373,0.2229066899280532,0.00011490873012833663,0.0005207255017012358
2,0.8,0.4,1.7999999999999998,2.4000000000000004,19.754364489311836,0.02052546491001177,17.704565389999733,0.601719752374477,0.22393895991935278,0.00011490873012833663,0.0004698158008977771
2,0.8,0.48,0.84,1.1199999999999999,31.18279038070107,0.02032667450013181,28.891458087115474,0.6302943344929587,0.3798273942153001,0.00013499167255899558,0.0008490796317346394
2,0.8,0.48,0.84,1.36,31.145669763512647,0.020325955391872458,28.89211170144983,0.6177167431598724,0.3798265475473311,0.00013499167255899558,0.0007161071407608688
2,0.8,0.48,0.84,1.6,31.065128271605634,0.020368188665867922,28.832425075632028,0.6110213667082264,0.37904438287481185,0.00013499167255899558,0.0006200893549248576
2,0.8,0.48,0.84,1.92,31.03618788605502,0.02040483793101562,28.784266779165254,0.6176324562521164,0.37842218505012837,0.00013499167255899558,0.0005207255017012358
2,0.8,0.48,0.84,2.4000000000000004,31.23706191858536,0.02038564082296761,28.979366864060637,0.6186992849141093,0.38103011671739173,0.00013499167255899558,0.0004698158008977771
2,0.8,0.48,1.02,1.1199999999999999,28.88539742385474,0.020343289186774513,26.698953437690626,0.6051663968799478,0.3503078103710305,0.00012990692315544353,0.0008490796317346394
2,0.8,0.48,1.02,1.36,28.849643229008194,0.020373839915544277,26.65880193965016,0.606808240912395,0.3497889224861293,0.00012990692315544353,0.0007161071407608688
2,0.8,0.48,1.02,1.6,28.815929652949375,0.02039191776595535,26.635507768612168,0.6034389985025268,0.3494879721802442,0.00012990692315544353,0.0006200893549248576
2,0.8,0.48,1.02,1.92,28.766306335994457,0.02043336145436747,26.585658078401345,0.6037262946842291,0.34884082235860303,0.00012990692315544353,0.0005207255017012358
2,0.8,0.48,1.02,2.4000000000000004,28.896808700232427,0.020437584888285627,26.73497218266093,0.5967906695055112,0.35084700734946306,0.00012990692315544353,0.0004698158008977771
2,0.8,0.48,1.2,1.1199999999999999,26.207740955863787,0.020358708067167303,24.008423420589605,0.6217892258105816,0.31330028556407785,0.00012046773890266038,0.0008490796317346394
2,0.8,0.48,1.2,1.36,26.19613803122991,0.0203807273615484,23.98220117867376,0.6267795805132226,0.3129664111910376,0.00012046773890266038,0.0007161071407608688
2,0.8,0.48,1.2,1.6,26.116658727435198,0.020423930120624073,23.931690557905604,0.6173400822150851,0.3123018256355612,0.00012046773890266038,0.0006200893549248576
2,0.8,0.48,1.2,1.92,26.059969677458547,0.02046203941769454,23.891165367940285,0.612126514739965,0.31177036790848955,0.00012046773890266038,0.0005207255017012358
2,0.8,0.48,1.2,2.4000000000000004,26.209272285280043,0.02045371867067784,24.038928838757112,0.6119820605610327,0.313766461107213,0.00012046773890266038,0.0004698158008977771
2,0.8,0.48,1.44,1.1199999999999999,23.2846755543351,0.020388663874024812,21.14670181493308,0.6147187317688414,0.2731391720354508,0.00011661432165590777,0.0008490796317346394
2,0.8,0.48,1.44,1.36,23.276254354057805,0.020404162936044794,21.13056008307404,0.6173685660354598,0.27293459350261384,0.00011661432165590777,0.0007161071407608688
2,0.8,0.48,1.44,1.6,23.215193918339992,0.020425504432286065,21.108581320556677,0.6044393274018187,0.2726481000425981,0.00011661432165590777,0.0006200893549248576
2,0.8,0.48,1.44,1.92,23.190020245285364,0.02045207337394971,21.084977098236585,0.6040188512570672,0.2723433179566195,0.00011661432165590777,0.0005207255017012358
2,0.8,0.48,1.44,2.4000000000000004,23.301939436769956,0.02047248101898531,21.18362603326215,0.607985989405164,0.27370702523656154,0.00011661432165590777,0.0004698158008977771
2,0.8,0.48,1.7999999999999998,1.1199999999999999,19.69795957443539,0.02044202775981083,17.587163423363307,0.622553254469066,0.22240516339651822,0.00011490873012833663,0.0008490796317346394
2,0.8,0.48,1.7999999999999998,1.36,19.675878651022238,0.020467085864281066,17.565273044217204,0.622584378533154,0.22213608058002532,0.00011490873012833663,0.0007161071407608688
2,0.8,0.48,1.7999999999999998,1.6,19.63949089232643,0.020479123455120443,17.555402683596153,0.6137913989606165,0.22201438896778822,0.00011490873012833663,0.0006200893549248576
2,0.8,0.48,1.7999999999999998,1.92,19.592532173651378,0.020508665064266948,17.533702877032553,0.6054648841276202,0.22173528890214855,0.00011490873012833663,0.0005207255017012358
2,0.8,0.48,1.7999999999999998,2.4000000000000004,19.662514680550878,0.020550238970452574,17.59320197701745,0.6086495597308418,0.2226383680111392,0.00011490873012833663,0.0004698158008977771
2,0.8,0.6000000000000001,0.84,1.1199999999999999,30.97961720503065,0.020320481383204893,28.761571749624878,0.6063390184809281,0.3784126971884952,0.00013499167255899558,0.0008490796317346394
2,0.8,0.6000000000000001,0.84,1.36,30.948351125979535,0.020347309826257633,28.723528673825115,0.608767337745106,0.3779177994488514,0.00013499167255899558,0.0007161071407608688
2,0.8,0.6000000000000001,0.84,1.6,30.921046939058666,0.02036825160288705,28.694055497660255,0.6096200047897687,0.37753665111797574,0.00013499167255899558,0.0006200893549248576
2,0.8,0.6000000000000001,0.84,1.92,30.889752669015255,0.020405018340698647,28.645983296544426,0.6154156433897446,0.37692070880861966,0.00013499167255899558,0.0005207255017012358
2,0.8,0.6000000000000001,0.84,2.4000000000000004,30.984195724438994,0.020426744684883463,28.781867401668823,0.6009854958669697,0.3787636482423399,0.00013499167255899558,0.0004698158008977771
2,0.8,0.6000000000000001,1.02,1.1199999999999999,28.757868570584886,0.020377678773056334,26.510836103971116,0.6260497025146029,0.3482119843304405,0.00012990692315544353,0.0008490796317346394
2,0.8,0.6000000000000001,1.02,1.36,28.713841559087058,0.02041408243570584,26.463776367857854,0.6272662732283546,0.3475984848892612,0.00012990692315544353,0.0007161071407608688
2,0.8,0.6000000000000001,1.02,1.6,28.683362101153,0.020437938052267873,26.433043039592445,0.6274860978802971,0.34719783098397244,0.00012990692315544353,0.0006200893549248576
2,0.8,0.6000000000000001,1.02,1.92,28.639283583693334,0.020448800514682175,26.422730204120576,0.6162777091262672,0.34707626195181907,0.00012990692315544353,0.0005207255017012358
2,0.8,0.6000000000000001,1.02,2.4000000000000004,28.74503824437775,0.020471341896639968,26.547653775196352,0.6093203009042941,0.34877230775465934,0.00012990692315544353,0.0004698158008977771
2,0.8,0.6000000000000001,1.2,1.1199999999999999,26.037788489713034,0.020370961484995863,23.847984782191382,0.6191767904968057,0.3116115103350465,0.00012046773890266038,0.0008490796317346394
2,0.8,0.6000000000000001,1.2,1.36,26.008538481687236,0.020405583534949628,23.807504558500348,0.6230966006245102,0.3110875653145095,0.00012046773890266038,0.0007161071407608688
2,0.8,0.6000000000000001,1.2,1.6,25.961670275631725,0.020432992023463648,23.77559484150834,0.6182479104573457,0.31067654359973707,0.00012046773890266038,0.0006200893549248576
2,0.8,0.6000000000000001,1.2,1.92,25.966988236499752,0.02044814782050334,23.76182854183645,0.6246754764872127,0.3104927594089813,0.00012046773890266038,0.0005207255017012358
2,0.8,0.6000000000000001,1.2,2.4000000000000004,26.042242323766473,0.02046754412842311,23.876501086164243,0.6110116632781092,0.3120616185775391,0.00012046773890266038,0.0004698158008977771
2,0.8,0.6000000000000001,1.44,1.1199999999999999,23.145981231447724,0.020393945665449765,20.995450833201335,0.6194248120329892,0.2715723082959532,0.00011661432165590777,0.0008490796317346394
2,0.8,0.6000000000000001,1.44,1.36,23.135611002214866,0.020417753965264095,20.970865532851345,0.6242725815618093,0.2712601542741009,0.00011661432165590777,0.0007161071407608688
2,0.8,0.6000000000000001,1.44,1.6,23.08784640046067,0.02045298434018286,20.934570712703866,0.6206027258432688,0.2707935147838393,0.00011661432165590777,0.0006200893549248576
2,0.8,0.6000000000000001,1.44,1.92,23.02582396054109,0.020487065005050428,20.903970053689445,0.6102607294575442,0.2703934515269546,0.00011661432165590777,0.0005207255017012358
2,0.8,0.6000000000000001,1.44,2.4000000000000004,23.1213741862382,0.02050309537406804,21.005458883299212,0.60780916027706,0.27180879769697375,0.00011661432165590777,0.0004698158008977771
2,0.8,0.6000000000000001,1.7999999999999998,1.1199999999999999,19.577396652402445,0.02044681592307112,17.44593683062245,0.6299547720426502,0.22085949322041173,0.00011490873012833663,0.0008490796317346394
2,0.8,0.6000000000000001,1.7999999999999998,1.36,19.569578855619593,0.02045689292274979,17.437011992790623,0.6303703118823096,0.2207497294980273,0.00011490873012833663,0.0007161071407608688
2,0.8,0.6000000000000001,1.7999999999999998,1.6,19.509112684059414,0.020511662019813262,17.390321081850466,0.6259644612677401,0.22016605696039762,0.00011490873012833663,0.0006200893549248576
2,0.8,0.6000000000000001,1.7999999999999998,1.92,19.46288703086986,0.0205348925047006,17.374600763041617,0.6158649750603066,0.21996575987307498,0.00011490873012833663,0.0005207255017012358
2,0.8,0.6000000000000001,1.7999999999999998,2.4000000000000004,19.555843880586384,0.020541729810287866,17.46310627026305,0.6169267625513537,0.22124017549967548,0.00011490873012833663,0.0004698158008977771
2,0.85,0.27999999999999997,0.84,1.1199999999999999,32.532903961678436,0.01991313275973087,30.722819168046,0.4619528261803099,0.4040190172202642,0.00013147073998157066,0.0008490796317346394
2,0.85,0.27999999999999997,0.84,1.36,32.529764020884954,0.01992211498975992,30.708648112288866,0.46569985486495397,0.40383995564724523,0.00013147073998157066,0.0007161071407608688
2,0.85,0.27999999999999997,0.84,1.6,32.48687686969389,0.019948107141145893,30.668578553470994,0.46493715942387237,0.4033132627816606,0.00013147073998157066,0.0006200893549248576
2,0.85,0.27999999999999997,0.84,1.92,32.463975088442496,0.019986402550143535,30.613594463131133,0.47586523648876194,0.4026028544224239,0.00013147073998157066,0.0005207255017012358
2,0.85,0.27999999999999997,0.84,2.4000000000000004,32.58028186340479,0.020009763567090846,30.755028915965752,0.46686204581592666,0.40447666046191294,0.00013147073998157066,0.0004698158008977771
2,0.85,0.27999999999999997,1.02,1.1199999999999999,30.123930345940813,0.019929066886381082,28.351761095630767,0.4599058712103723,0.37223004605208093,0.00012599950316765501,0.0008490796317346394
2,0.85,0.27999999999999997,1.02,1.36,30.121135595684095,0.01995204621013247,28.31885302134885,0.47009005412127886,0.3718077337680969,0.00012599950316765501,0.0007161071407608688
2,0.85,0.27999999999999997,1.02,1.6,30.05883613117188,0.01999841580871667,28.252975652134484,0.4715647950024289,0.3709438515639613,0.00012599950316765501,0.0006200893549248576
2,0.85,0.27999999999999997,1.02,1.92,30.002955238840883,0.02003053079815461,28.211632777547948,0.46689687878702224,0.37040727663225226,0.00012599950316765501,0.0005207255017012358
2,0.85,0.27999999999999997,1.02,2.4000000000000004,30.168283567400362,0.02004047195680336,28.36091505459889,0.4715842137210206,0.3723966550903842,0.00012599950316765501,0.0004698158008977771
2,0.85,0.27999999999999997,1.2,1.1199999999999999,27.137959365514547,0.01999744336411431,25.39805644687351,0.4625912959393656,0.3318414055237601,0.00011819348514491637,0.0008490796317346394
2,0.85,0.27999999999999997,1.2,1.36,27.11994465026713,0.020034737171060083,25.350616609134416,0.4726048053572123,0.3312285977022476,0.00011819348514491637,0.0007161071407608688
2,0.85,0.27999999999999997,1.2,1.6,27.069340881686248,0.020055171214326154,25.32464161587509,0.46451058620647695,0.33089085112537653,0.00011819348514491637,0.0006200893549248576
2,0.85,0.27999999999999997,1.2,1.92,27.04866976222302,0.020085407242430273,25.290772013500487,0.46905835953631037,0.3304455871751209,0.00011819348514491637,0.0005207255017012358
2,0.85,0.27999999999999997,1.2,2.4000000000000004,27.16768498926723,0.020089400375832074,25.430853086657944,0.46141868125725405,0.33231005567587657,0.00011819348514491637,0.0004698158008977771
2,0.85,0.27999999999999997,1.44,1.1199999999999999,24.06860017955159,0.020005610774687495,22.378430124999653,0.4600732950272742,0.2896555442488917,0.00011430185673023951,0.0008490796317346394
2,0.7000000000000001,0.42000000000000004,1.2599999999999998,1.3439999999999999,26.178478068554558,0.021727059518769555,25.323018990460298,0.17644313361245262,0.3041402226454237,0.0001248874405105696,0.0007497628685086966
2,0.7000000000000001,0.42000000000000004,1.2599999999999998,1.632,26.11493160820959,0.021754512001995695,25.291093404958836,0.16603814051580965,0.3037461589473383,0.0001248874405105696,0.00061881507281214
2,0.7000000000000001,0.42000000000000004,1.2599999999999998,1.92,26.132618444734153,0.02176318125242358,25.288946861648796,0.17266627570018317,0.3037158908497191,0.0001248874405105696,0.0005207255017012358
2,0.7000000000000001,0.42000000000000004,1.2599999999999998,2.304,26.261424719838473,0.021787300322310594,25.40745801621991,0.17561372447653403,0.30516018586442745,0.0001248874405105696,0.00046859256690368056
2,0.7000000000000001,0.42000000000000004,1.2599999999999998,2.88,26.397414133175666,0.02182353575700126,25.53014103206164,0.17925576385381828,0.3075194442398118,0.0001248874405105696,0.00041787774534896016
2,0.7000000000000001,0.42000000000000004,1.5299999999999998,1.3439999999999999,22.839737386141046,0.02175191462293943,22.04278131499254,0.17160342804160986,0.26013314052919345,0.00011934336995685774,0.0007497628685086966
2,0.7000000000000001,0.42000000000000004,1.5299999999999998,1.632,22.815164830464447,0.021772769478512127,22.02155982771908,0.17057816909168075,0.2598762784589805,0.00011934336995685774,0.00061881507281214
2,0.7000000000000001,0.42000000000000004,1.5299999999999998,1.92,22.801406286529875,0.021819185821125044,21.982067729970012,0.17931055188036502,0.25939569443614297,0.00011934336995685774,0.0005207255017012358
2,0.7000000000000001,0.42000000000000004,1.5299999999999998,2.304,22.909420760054182,0.021839060034353035,22.085363322079544,0.18045858626641484,0.26066623835998026,0.00011934336995685774,0.00046859256690368056
2,0.7000000000000001,0.42000000000000004,1.5299999999999998,2.88,23.061525658655547,0.02184573515158265,22.21499054519576,0.18717322528904376,0.26300853610647823,0.00011934336995685774,0.00041787774534896016
2,0.7000000000000001,0.42000000000000004,1.7999999999999998,1.3439999999999999,20.578156685361872,0.021820671452446646,19.831519504662705,0.16501639684074895,0.22950635276680784,0.00012012365703761678,0.0007497628685086966
2,0.7000000000000001,0.42000000000000004,1.7999999999999998,1.632,20.58295225513188,0.021838845240841086,19.815221081105776,0.1721184248448087,0.22931537263188523,0.00012012365703761678,0.00061881507281214
2,0.7000000000000001,0.42000000000000004,1.7999999999999998,1.92,20.538156157824123,0.021884087872804964,19.781126026494842,0.1686794497881374,0.22891543934444217,0.00012012365703761678,0.0005207255017012358
2,0.7000000000000001,0.42000000000000004,1.7999999999999998,2.304,20.67275230517064,0.021894838626405306,19.879001502757227,0.1805163024199758,0.2301304416598974,0.00012012365703761678,0.00046859256690368056
2,0.7000000000000001,0.42000000000000004,1.7999999999999998,2.88,20.77790643452711,0.021921174674884105,19.96855121090343,0.185111943589239,0.23193681776036382,0.00012012365703761678,0.00041787774534896016
2,0.7000000000000001,0.42000000000000004,2.1599999999999997,1.3439999999999999,18.36959024060941,0.02184899391570142,17.686912436186166,0.15336447679850587,0.20047465611023532,0.00011931713745207823,0.0007497628685086966
2,0.7000000000000001,0.42000000000000004,2.1599999999999997,1.632,18.3961106727527,0.021883277549771485,17.65926433993991,0.17152857977414004,0.20015587627752046,0.00011931713745207823,0.00061881507281214
2,0.7000000000000001,0.42000000000000004,2.1599999999999997,1.92,18.372436109094707,0.02190305826533456,17.649371850231844,0.16697984734402538,0.20002964577370838,0.00011931713745207823,0.0005207255017012358
2,0.7000000000000001,0.42000000000000004,2.1599999999999997,2.304,18.495050034439,0.02191263353994252,17.731929986901264,0.17998299854069227,0.2010820454644105,0.00011931713745207823,0.00046859256690368056
2,0.7000000000000001,0.42000000000000004,2.1599999999999997,2.88,18.562018254084002,0.021944319940121818,17.803539425607955,0.17792968019215907,0.20258430949460735,0.00011931713745207823,0.00041787774534896016
2,0.7000000000000001,0.42000000000000004,2.6999999999999997,1.3439999999999999,16.5135890156321,0.02194197766033717,15.845925870480432,0.15633754582552936,0.17644794020734383,0.0001188698228155316,0.0007497628685086966
2,0.7000000000000001,0.42000000000000004,2.6999999999999997,1.632,16.53416910434812,0.021968790655568362,15.826520470653898,0.1697484691515714,0.17621313011525236,0.0001188698228155316,0.00061881507281214
2,0.7000000000000001,0.42000000000000004,2.6999999999999997,1.92,16.506543006783296,0.021991860105141935,15.814696422913682,0.1645309049539498,0.17607013030526802,0.0001188698228155316,0.0005207255017012358
2,0.7000000000000001,0.42000000000000004,2.6999999999999997,2.304,16.625118378384272,0.02201617251270061,15.871477200137045,0.18486538598135493,0.17685260907354602,0.0001188698228155316,0.00046859256690368056
2,0.7000000000000001,0.42000000000000004,2.6999999999999997,2.88,16.713975613966348,0.02202113287810449,15.957720268436313,0.18521650578231116,0.17842367103454812,0.0001188698228155316,0.00041787774534896016
2,0.7000000000000001,0.51,1.2599999999999998,1.3439999999999999,26.354180800848308,0.021723292272621122,25.499360142998203,0.1758003760090695,0.3054338424575676,0.0001248874405105696,0.0007497628685086966
2,0.7000000000000001,0.51,1.2599999999999998,1.632,26.321575608630567,0.02173608634444112,25.484738655833908,0.16987137355950607,0.3052636350197061,0.0001248874405105696,0.00061881507281214
2,0.7000000000000001,0.51,1.2599999999999998,1.92,26.275216067445935,0.02176698898676827,25.45652620524002,0.16393844796826454,0.3049138454316871,0.0001248874405105696,0.0005207255017012358
2,0.7000000000000001,0.51,1.2599999999999998,2.304,26.415767897326237,0.021760602145511152,25.611485837419348,0.15851928686962272,0.30678555315028033,0.0001248874405105696,0.00046859256690368056
2,0.7000000000000001,0.51,1.2599999999999998,2.88,26.599800538354554,0.02178128201502834,25.74999950494403,0.17283125029784366,0.3093631709462083,0.0001248874405105696,0.00041787774534896016
2,0.7000000000000001,0.51,1.5299999999999998,1.3439999999999999,22.981455787612695,0.021766591907377668,22.196397698688575,0.16727706664844064,0.2611995651998819,0.00011934336995685774,0.0007497628685086966
2,0.7000000000000001,0.51,1.5299999999999998,1.632,22.952867390592143,0.021772734003624356,22.190293749120922,0.15981760388225463,0.26112664828800525,0.00011934336995685774,0.00061881507281214
2,0.7000000000000001,0.51,1.5299999999999998,1.92,22.92217426614634,0.021809876243944794,22.159919999149064,0.1598306828787864,0.2607603214554728,0.00011934336995685774,0.0005207255017012358
2,0.7000000000000001,0.51,1.5299999999999998,2.304,23.01874436315787,0.021829836448601436,22.263995719308042,0.1569034755088863,0.2620320000935098,0.00011934336995685774,0.00046859256690368056
2,0.7000000000000001,0.51,1.5299999999999998,2.88,23.184637069022557,0.02183051279637146,22.39714348877281,0.16702050635255083,0.26444038206113224,0.00011934336995685774,0.00041787774534896016
2,0.7000000000000001,0.51,1.7999999999999998,1.3439999999999999,20.7451450042186,0.021847935220985066,19.97517014061047,0.17246035234681312,0.2304849053890412,0.00012012365703761678,0.0007497628685086966
2,0.7000000000000001,0.51,1.7999999999999998,1.632,20.690399933634044,0.02187730664949659,19.948541895226803,0.16319418119316645,0.2301765065592937,0.00012012365703761678,0.00061881507281214
2,0.7000000000000001,0.51,1.7999999999999998,1.92,20.690728043436255,0.02188104224946047,19.951772010595974,0.16222653198799536,0.2302031398792168,0.00012012365703761678,0.0005207255017012358
2,0.7000000000000001,0.51,1.7999999999999998,2.304,20.766488326129693,0.021902675021101096,20.040405843817368,0.15756584076552232,0.23130567012747627,0.00012012365703761678,0.00046859256690368056
2,0.7000000000000001,0.51,1.7999999999999998,2.88,20.912428298686716,0.021896673569366507,20.157421313464997,0.16649881341443554,0.23345247098833122,0.00012012365703761678,0.00041787774534896016
2,0.7000000000000001,0.51,2.1599999999999997,1.3439999999999999,18.538138161964493,0.021859744343869784,17.838275150579925,0.15870569833103607,0.20162544804580074,0.00011931713745207823,0.0007497628685086966
2,0.7000000000000001,0.51,2.1599999999999997,1.632,18.519663478387006,0.02189196052649292,17.81214957913647,0.16135707839429014,0.20132926387809302,0.00011931713745207823,0.00061881507281214
2,0.7000000000000001,0.51,2.1599999999999997,1.92,18.47926475462678,0.021912960378382394,17.80117973682608,0.15159429333813115,0.20119716461617992,0.00011931713745207823,0.0005207255017012358
2,0.7000000000000001,0.51,2.1599999999999997,2.304,18.569651866475716,0.02192889040129449,17.879073329453796,0.15542782263859112,0.20218980579354415,0.00011931713745207823,0.00046859256690368056
2,0.7000000000000001,0.51,2.1599999999999997,2.88,18.659981100737102,0.02195246171246598,17.954998163046056,0.15970251162488028,0.20376178263909875,0.00011931713745207823,0.00041787774534896016
2,0.7000000000000001,0.51,2.6999999999999997,1.3439999999999999,16.668702599084906,0.021953860700989317,15.984764087941555,0.1613675484946743,0.17762141515094043,0.0001188698228155316,0.0007497628685086966
2,0.7000000000000001,0.51,2.6999999999999997,1.632,16.61314160360092,0.021983916391150396,15.962918159846447,0.15021712955942215,0.17736683321636698,0.0001188698228155316,0.00061881507281214
2,0.7000000000000001,0.51,2.6999999999999997,1.92,16.61217803171414,0.02200717446230772,15.95087677518655,0.15395902738645761,0.17722512130855358,0.0001188698228155316,0.0005207255017012358
2,0.7000000000000001,0.51,2.6999999999999997,2.304,16.71552205968736,0.022004796657870293,16.02819868218597,0.16230581055819837,0.17822491045200478,0.0001188698228155316,0.00046859256690368056
2,0.7000000000000001,0.51,2.6999999999999997,2.88,16.828419371340516,0.022011412181269657,16.110853470882958,0.17187234962196993,0.17977641513992532,0.0001188698228155316,0.00041787774534896016
2,0.7000000000000001,0.6000000000000001,1.2599999999999998,1.3439999999999999,26.486679054292743,0.021735622937774337,25.640852941022846,0.1724790888938894,0.3063908285577452,0.0001248874405105696,0.0007497628685086966
2,0.7000000000000001,0.6000000000000001,1.2599999999999998,1.632,26.48121329911138,0.021747441801369515,25.627229096464006,0.17526093704882675,0.30623083894552583,0.0001248874405105696,0.00061881507281214
2,0.7000000000000001,0.6000000000000001,1.2599999999999998,1.92,26.447191961560733,0.02175219277980199,25.629777880784737,0.16307133598960058,0.3062541961447327,0.0001248874405105696,0.0005207255017012358
2,0.7000000000000001,0.6000000000000001,1.2599999999999998,2.304,26.580593690323205,0.02177051262009184,25.75631640645613,0.16485087890513359,0.3077760905293581,0.0001248874405105696,0.00046859256690368056
2,0.7000000000000001,0.6000000000000001,1.2599999999999998,2.88,26.70328407181587,0.021810594227877327,25.86931789109741,0.1673075363556182,0.31007014786796705,0.0001248874405105696,0.00041787774534896016
2,0.7000000000000001,0.6000000000000001,1.5299999999999998,1.3439999999999999,23.10089115758803,0.021780245062690846,22.33471664990939,0.16065965200528243,0.2621545747285631,0.00011934336995685774,0.0007497628685086966
2,0.7000000000000001,0.6000000000000001,1.5299999999999998,1.632,23.137730382540983,0.021776450578501076,22.338795844793335,0.17157936933929727,0.26219853161842765,0.00011934336995685774,0.00061881507281214
2,0.7000000000000001,0.6000000000000001,1.5299999999999998,1.92,23.14173334854001,0.021783643179433036,22.338847205179967,0.17290655416452289,0.26219081702554353,0.00011934336995685774,0.0005207255017012358
2,0.7000000000000001,0.6000000000000001,1.5299999999999998,2.304,23.209214231857374,0.021817773095520826,22.428777942724235,0.16505136456183928,0.2632880415710401,0.00011934336995685774,0.00046859256690368056
2,0.7000000000000001,0.6000000000000001,1.5299999999999998,2.88,23.330400238859983,0.02184015620108892,22.537454864953336,0.1685036412838723,0.2654331275193487,0.00011934336995685774,0.00041787774534896016
2,0.7000000000000001,0.6000000000000001,1.7999999999999998,1.3439999999999999,20.940533977401227,0.02180573906062522,20.16543388240165,0.17366019941835725,0.23205279172621626,0.00012012365703761678,0.0007497628685086966
2,0.7000000000000001,0.6000000000000001,1.7999999999999998,1.632,20.89964124191101,0.021851150327369513,20.123716987208237,0.1740946948826154,0.2315673381086028,0.00012012365703761678,0.00061881507281214
2,0.7000000000000001,0.6000000000000001,1.7999999999999998,1.92,20.89717081698541,0.021843064401626262,20.13782944391335,0.16852906293204614,0.23171886512667247,0.00012012365703761678,0.0005207255017012358
2,0.7000000000000001,0.6000000000000001,1.7999999999999998,2.304,20.970994138216607,0.02186535396812883,20.226404541140063,0.1632453018367826,0.23281172273088513,0.00012012365703761678,0.00046859256690368056
2,0.7000000000000001,0.6000000000000001,1.7999999999999998,2.88,21.080911289754773,0.02189620784251678,20.307611461173536,0.1722266631049665,0.23456223100310636,0.00012012365703761678,0.00041787774534896016
2,0.7000000000000001,0.6000000000000001,2.1599999999999997,1.3439999999999999,18.682715728913248,0.021864815250337566,17.979183162318098,0.15956981865942874,0.20269757136473487,0.00011931713745207823,0.0007497628685086966
2,0.7000000000000001,0.6000000000000001,2.1599999999999997,1.632,18.630963394535218,0.02189625028290459,17.953399505471225,0.15101476944655784,0.20240189077833504,0.00011931713745207823,0.00061881507281214
2,0.7000000000000001,0.6000000000000001,2.1599999999999997,1.92,18.635628651088254,0.021903645507633646,17.953138775389718,0.1526692584230326,0.2023864421300554,0.00011931713745207823,0.0005207255017012358
2,0.7000000000000001,0.6000000000000001,2.1599999999999997,2.304,18.708302994924306,0.0219381322224877,18.016754628385815,0.15540750791465457,0.20321133766073432,0.00011931713745207823,0.00046859256690368056
2,0.7000000000000001,0.6000000000000001,2.1599999999999997,2.88,18.826517677509216,0.021949268870908714,18.100993950717683,0.16617228034782267,0.2048964584123136,0.00011931713745207823,0.00041787774534896016
2,0.7000000000000001,0.6000000000000001,2.6999999999999997,1.3439999999999999,16.76705327676793,0.021938372170884447,16.13081927580814,0.14505581093845718,0.17886760616613115,0.0001188698228155316,0.0007497628685086966
2,0.7000000000000001,0.6000000000000001,2.6999999999999997,1.632,16.787493494822346,0.02195213728973595,16.120819289127663,0.15524900929830554,0.1787537350413418,0.0001188698228155316,0.00061881507281214
2,0.7000000000000001,0.6000000000000001,2.6999999999999997,1.92,16.760413903903597,0.021989157721178883,16.098463701467374,0.15375752802412698,0.17849658204530372,0.0001188698228155316,0.0005207255017012358
2,0.7000000000000001,0.6000000000000001,2.6999999999999997,2.304,16.856424667866005,0.022001519911980825,16.165721635126545,0.1630514390193992,0.17937095705236158,0.0001188698228155316,0.00046859256690368056
2,0.7000000000000001,0.6000000000000001,2.6999999999999997,2.88,16.961952430793787,0.022014584892754294,16.241958552376268,0.172318368009594,0.18086316522553175,0.0001188698228155316,0.00041787774534896016
2,0.7000000000000001,0.7200000000000001,1.2599999999999998,1.3439999999999999,26.674898074319742,0.021686572339432726,25.94987733192986,0.13143728160039694,0.30875993015655073,0.0001248874405105696,0.0007497628685086966
2,0.7000000000000001,0.7200000000000001,1.2599999999999998,1.632,26.654836666831528,0.02170526508391643,25.927613295362875,0.13226630681777574,0.3084960751774131,0.0001248874405105696,0.00061881507281214
2,0.7000000000000001,0.7200000000000001,1.2599999999999998,1.92,26.641230431155318,0.021723958193146892,25.913523226283107,0.1324905024120613,0.30831805556021913,0.0001248874405105696,0.0005207255017012358
2,0.7000000000000001,0.7200000000000001,1.2599999999999998,2.304,26.772060299282934,0.021751468276948224,26.03008888281381,0.13677521535518158,0.30971625812440434,0.0001248874405105696,0.00046859256690368056
2,0.7000000000000001,0.7200000000000001,1.2599999999999998,2.88,27.053423598745066,0.021770019495603005,26.165468191829017,0.18456646137220972,0.31232317374805907,0.0001248874405105696,0.00041787774534896016
2,0.7000000000000001,0.7200000000000001,1.5299999999999998,1.3439999999999999,23.425138304214737,0.021747095824385842,22.61444196284168,0.17481841908021772,0.2642332564364754,0.00011934336995685774,0.0007497628685086966
2,0.7000000000000001,0.7200000000000001,1.5299999999999998,1.632,23.39417151056304,0.021774302241764052,22.586336180382748,0.17398035977281956,0.2638985010872388,0.00011934336995685774,0.00061881507281214
2,0.7000000000000001,0.7200000000000001,1.5299999999999998,1.92,23.39991179820502,0.021783885950866857,22.583631017401245,0.1768164700125805,0.2638554641536698,0.00011934336995685774,0.0005207255017012358
2,0.7000000000000001,0.7200000000000001,1.5299999999999998,2.304,23.489606038719703,0.02180449695747319,22.68843823504408,0.171356433209617,0.2651176263082391,0.00011934336995685774,0.00046859256690368056
2,0.7000000000000001,0.7200000000000001,1.5299999999999998,2.88,23.626666895507014,0.021810689972868533,22.810712395292313,0.17550753194983196,0.2674600480577411,0.00011934336995685774,0.00041787774534896016
2,0.7000000000000001,0.7200000000000001,1.7999999999999998,1.3439999999999999,21.084036746936096,0.02180321104297266,20.41196839212686,0.13875467118231,0.23374016426167138,0.00012012365703761678,0.0007497628685086966
2,0.7000000000000001,0.7200000000000001,1.7999999999999998,1.632,21.088592902833874,0.021832303220992354,20.38466510027185,0.1494831646862401,0.23342432366335542,0.00012012365703761678,0.00061881507281214
2,0.7000000000000001,0.7200000000000001,1.7999999999999998,1.92,21.083057081989296,0.021840545685921958,20.38373933835467,0.14796174854058206,0.23339969757933676,0.00012012365703761678,0.0005207255017012358
2,0.7000000000000001,0.7200000000000001,1.7999999999999998,2.304,21.14082504840586,0.02186665693087422,20.46978373835917,0.1381813138979783,0.2344540965546978,0.00012012365703761678,0.00046859256690368056
2,0.7000000000000001,0.7200000000000001,1.7999999999999998,2.88,21.37936413426921,0.021872271763351193,20.571534288990776,0.18310381656158106,0.23648472340962526,0.00012012365703761678,0.00041787774534896016
2,0.7000000000000001,0.7200000000000001,2.1599999999999997,1.3439999999999999,18.8946898726171,0.021861618544575797,18.217970101530724,0.15006956352830572,0.20438873795509283,0.00011931713745207823,0.0007497628685086966
2,0.7000000000000001,0.7200000000000001,2.1599999999999997,1.632,18.86142793677025,0.02189475863410427,18.190308167286044,0.14830918016204045,0.20407603070090494,0.00011931713745207823,0.00061881507281214
2,0.7000000000000001,0.7200000000000001,2.1599999999999997,1.92,18.86810119533359,0.021914151930608913,18.180202862096056,0.1539474563891609,0.20394979934769622,0.00011931713745207823,0.0005207255017012358
2,0.7000000000000001,0.7200000000000001,2.1599999999999997,2.304,18.899036243040854,0.021944278746935313,18.247828015073747,0.14142985931069757,0.20479799837677046,0.00011931713745207823,0.00046859256690368056
2,0.7000000000000001,0.7200000000000001,2.1599999999999997,2.88,19.122076402005437,0.02193407185676919,18.34721692978054,0.18202514681626492,0.2066888014544908,0.00011931713745207823,0.00041787774534896016
2,0.7000000000000001,0.7200000000000001,2.6999999999999997,1.3439999999999999,17.02781617862197,0.021937482364809045,16.35037475854083,0.1582359475548915,0.18053550524425513,0.0001188698228155316,0.0007497628685086966
2,0.7000000000000001,0.7200000000000001,2.6999999999999997,1.632,17.03230785124393,0.021976367108364127,16.32183690570286,0.16935480447698903,0.1802088595330496,0.0001188698228155316,0.00061881507281214
2,0.7000000000000001,0.7200000000000001,2.6999999999999997,1.92,17.04952011660256,0.02198400365118647,16.32076398426813,0.17546637302971307,0.18018113099675112,0.0001188698228155316,0.0005207255017012358
2,0.7000000000000001,0.7200000000000001,2.6999999999999997,2.304,17.14977018605725,0.021990709991324162,16.393201094873923,0.18443439482767565,0.18109895799205497,0.0001188698228155316,0.00046859256690368056
2,0.7000000000000001,0.7200000000000001,2.6999999999999997,2.88,17.218614553425684,0.02202538160187554,16.450397083062278,0.18786991497710578,0.1824213195597651,0.0001188698228155316,0.00041787774534896016
2,0.7000000000000001,0.9000000000000001,1.2599999999999998,1.3439999999999999,27.052423342121497,0.021683763656419823,26.32519491943639,0.13131957703595742,0.3113235328281041,0.0001248874405105696,0.0007497628685086966
2,0.7000000000000001,0.9000000000000001,1.2599999999999998,1.632,27.010875646829,0.02170205775294596,26.30324825606802,0.12487816241276077,0.31106773501575496,0.0001248874405105696,0.00061881507281214
2,0.7000000000000001,0.9000000000000001,1.2599999999999998,1.92,26.946649976357747,0.02173714949755029,26.269160922980884,0.11496790493492709,0.31065450519186566,0.0001248874405105696,0.0005207255017012358
2,0.7000000000000001,0.9000000000000001,1.2599999999999998,2.304,27.100502456554388,0.021756781192446516,26.395441307555817,0.12365820563396941,0.3121517069019905,0.0001248874405105696,0.00046859256690368056
2,0.7000000000000001,0.9000000000000001,1.2599999999999998,2.88,27.247945257782607,0.021785330708176433,26.514222330038507,0.13238692238704505,0.31461400031902825,0.0001248874405105696,0.00041787774534896016
2,0.7000000000000001,0.9000000000000001,1.5299999999999998,1.3439999999999999,23.703495870774777,0.021718483679370803,23.01093644038851,0.1345007740080383,0.2670778928112394,0.00011934336995685774,0.0007497628685086966
2,0.7000000000000001,0.9000000000000001,1.5299999999999998,1.632,23.661845128510574,0.02174287099770057,22.985243446489,0.12928494111893882,0.26678254013422603,0.00011934336995685774,0.00061881507281214
2,0.7000000000000001,0.9000000000000001,1.5299999999999998,1.92,23.627500969306524,0.021777793458577808,22.95574240941816,0.12778581936454436,0.2664312876746513,0.00011934336995685774,0.0005207255017012358
2,0.7000000000000001,0.9000000000000001,1.5299999999999998,2.304,23.753240880702755,0.021808692638928984,23.050277102657,0.13780428320807722,0.26756585500153535,0.00011934336995685774,0.00046859256690368056
2,0.7000000000000001,0.9000000000000001,1.5299999999999998,2.88,23.8494819532155,0.021828854755987493,23.153523209190936,0.13474467650180105,0.2697346934285798,0.00011934336995685774,0.00041787774534896016
2,0.7000000000000001,0.9000000000000001,1.7999999999999998,1.3439999999999999,21.426356364698815,0.02181544312996339,20.765804156986228,0.134119076784956,0.23611856827008956,0.00012012365703761678,0.0007497628685086966
2,0.7000000000000001,0.9000000000000001,1.7999999999999998,1.632,21.41960417922926,0.021838564012811677,20.743839109194578,0.1392809212669517,0.23586206060206255,0.00012012365703761678,0.00061881507281214
2,0.7000000000000001,0.9000000000000001,1.7999999999999998,1.92,21.3936729454792,0.021843976944369396,20.745414159395867,0.13011878495473156,0.23586619952714855,0.00012012365703761678,0.0005207255017012358
2,0.7000000000000001,0.9000000000000001,1.7999999999999998,2.304,21.467231641103442,0.021873687108402616,20.82847282589801,0.12660840915393023,0.2368832857680548,0.00012012365703761678,0.00046859256690368056
2,0.7000000000000001,0.9000000000000001,1.7999999999999998,2.88,21.57059251633696,0.02189911141138974,20.907218894620517,0.1342076205003804,0.2386902483831958,0.00012012365703761678,0.00041787774534896016
2,0.7000000000000001,0.9000000000000001,2.1599999999999997,1.3439999999999999,19.252098636952876,0.021836444877410915,18.595323598922313,0.14251594175754104,0.20713004387873865,0.00011931713745207823,0.0007497628685086966
2,0.7000000000000001,0.9000000000000001,2.1599999999999997,1.632,19.245962820438944,0.021874304892027203,18.563463127762258,0.15121355330082806,0.20676328821909554,0.00011931713745207823,0.00061881507281214
2,0.7000000000000001,0.9000000000000001,2.1599999999999997,1.92,19.217221312332185,0.02189853870041013,18.548933367735657,0.14653698186649705,0.20658644750488236,0.00011931713745207823,0.0005207255017012358
2,0.7000000000000001,0.9000000000000001,2.1599999999999997,2.304,19.22323875323214,0.021944380316918737,18.603724998907836,0.1300343871634745,0.2072898396056525,0.00011931713745207823,0.00046859256690368056
2,0.7000000000000001,0.9000000000000001,2.1599999999999997,2.88,19.35672710873891,0.021960497152176284,18.67708068712268,0.14953248957083093,0.2089272972867203,0.00011931713745207823,0.00041787774534896016
2,0.7000000000000001,0.9000000000000001,2.6999999999999997,1.3439999999999999,17.365282649716598,0.021907273477533833,16.70709263726082,0.15091699534285918,0.18327116314226594,0.0001188698228155316,0.0007497628685086966
2,0.7000000000000001,0.9000000000000001,2.6999999999999997,1.632,17.343298446312357,0.02195123183224913,16.67385002849063,0.15479582161675104,0.1828884156705313,0.0001188698228155316,0.00061881507281214
2,0.7000000000000001,0.9000000000000001,2.6999999999999997,1.92,17.315761303575524,0.021967600141496398,16.666142950880534,0.14822148824762538,0.18279440921326248,0.0001188698228155316,0.0005207255017012358
2,0.7000000000000001,0.9000000000000001,2.6999999999999997,2.304,17.384126200746785,0.021970417281990444,16.742687056803817,0.14518282156280088,0.18374402325565573,0.0001188698228155316,0.00046859256690368056
2,0.7000000000000001,0.9000000000000001,2.6999999999999997,2.88,17.455436253751383,0.021997301088447347,16.80163147590043,0.14883639602041532,0.18513726443081005,0.0001188698228155316,0.00041787774534896016
2,0.75,0.42000000000000004,1.2599999999999998,1.3439999999999999,11.921181783436385,0.020895374157736013,9.390734290237658,0.8058510377299386,0.0917372909600965,0.0001226201017524263,0.0007497628685086966
2,0.75,0.42000000000000004,1.2599999999999998,1.632,11.886363459098531,0.020928338785639204,9.376002330062807,0.7992057748087272,0.09159303527153245,0.0001226201017524263,0.00061881507281214
2,0.75,0.42000000000000004,1.2599999999999998,1.92,11.889865514732492,0.020958735368620383,9.36288429403101,0.8047873461885888,0.09146744308605939,0.0001226201017524263,0.0005207255017012358
2,0.75,0.42000000000000004,1.2599999999999998,2.304,11.903343721667902,0.020976759875555726,9.364240414158543,0.8087874150607198,0.0915869386510454,0.0001226201017524263,0.00046859256690368056
2,0.75,0.42000000000000004,1.2599999999999998,2.88,11.874548533172925,0.02100110585724008,9.385182263285097,0.7920449993242833,0.09206801670360788,0.0001226201017524263,0.00041787774534896016
2,0.75,0.42000000000000004,1.5299999999999998,1.3439999999999999,11.27939635785155,0.020949443255250208,8.714007197147378,0.8221922382548904,0.07760257874341311,0.00011831693428539236,0.0007497628685086966
2,0.75,0.42000000000000004,1.5299999999999998,1.632,11.242999066414056,0.020978999330612938,8.701820884521656,0.8141653147381541,0.07748209874519721,0.00011831693428539236,0.00061881507281214
2,0.75,0.42000000000000004,1.5299999999999998,1.92,11.240883991367896,0.021025237931195935,8.683184847284474,0.8197230997733113,0.07731289410149693,0.00011831693428539236,0.0005207255017012358
2,0.75,0.42000000000000004,1.5299999999999998,2.304,11.24131269321277,0.021039580784575077,8.684555726517972,0.8193659175552329,0.07744356039416807,0.00011831693428539236,0.00046859256690368056
2,0.75,0.42000000000000004,1.5299999999999998,2.88,11.21307224071935,0.021044966011202124,8.704810379792512,0.8030468241356876,0.07791556410468527,0.00011831693428539236,0.00041787774534896016
2,0.75,0.42000000000000004,1.7999999999999998,1.3439999999999999,10.621063321452583,0.020988006298676355,8.1394739401275,0.7989538124868677,0.06347985988188957,0.00011716274454099534,0.0007497628685086966
2,0.75,0.42000000000000004,1.7999999999999998,1.632,10.607465108993726,0.021026838847901828,8.124298536036486,0.7995178806121254,0.06336529892775526,0.00011716274454099534,0.00061881507281214
2,0.75,0.42000000000000004,1.7999999999999998,1.92,10.65967146945876,0.021041151545012755,8.119511068121687,0.8185323390465102,0.06333086617865585,0.00011716274454099534,0.0005207255017012358
2,0.75,0.42000000000000004,1.7999999999999998,2.304,10.601722945039262,0.021080168968023772,8.10927958004416,0.8026071897970485,0.06336590004249787,0.00011716274454099534,0.00046859256690368056
2,0.75,0.42000000000000004,1.7999999999999998,2.88,10.602716149987181,0.021066262782963866,8.13148295975278,0.7953958317282964,0.06381892011957836,0.00011716274454099534,0.00041787774534896016
2,0.75,0.42000000000000004,2.1599999999999997,1.3439999999999999,10.031321820310309,0.021025943353614244,7.609357047294788,0.7844256533908417,0.04740114188844142,0.00011932913462585348,0.0007497628685086966
2,0.75,0.42000000000000004,2.1599999999999997,1.632,10.051855381429029,0.02105977533855927,7.597267050666763,0.7953243036439214,0.047334201229711964,0.00011932913462585348,0.00061881507281214
2,0.75,0.42000000000000004,2.1599999999999997,1.92,10.050799907016863,0.02109035158786655,7.58675903336317,0.7984966627831012,0.04726851732562711,0.00011932913462585348,0.0005207255017012358
2,0.75,0.42000000000000004,2.1599999999999997,2.304,10.028640401928806,0.021114659079455585,7.580322515433425,0.7932325128883271,0.04732931224048388,0.00011932913462585348,0.00046859256690368056
2,0.75,0.42000000000000004,2.1599999999999997,2.88,9.984705907361219,0.021099251657993416,7.5961802012681225,0.7731934178758452,0.04768503874357575,0.00011932913462585348,0.00041787774534896016
2,0.75,0.42000000000000004,2.6999999999999997,1.3439999999999999,9.335607649907042,0.02110617330718074,7.207734362333995,0.6925940157887452,0.028724841140818542,0.00011765632753385664,0.0007497628685086966
2,0.75,0.42000000000000004,2.6999999999999997,1.632,9.33175592456643,0.021125851381780313,7.201001881846692,0.6935673167377515,0.02870529970459973,0.00011765632753385664,0.00061881507281214
2,0.75,0.42000000000000004,2.6999999999999997,1.92,9.333516383145481,0.021156650228857,7.190882606305348,0.6975399351816659,0.028665806517509076,0.00011765632753385664,0.0005207255017012358
2,0.75,0.42000000000000004,2.6999999999999997,2.304,9.331104979181212,0.021185994394887133,7.18149706748629,0.6998527904216898,0.028687671366634818,0.00011765632753385664,0.00046859256690368056
2,0.75,0.42000000000000004,2.6999999999999997,2.88,9.344035452868052,0.02115822026270869,7.1930115938191035,0.7002820166757829,0.02885892853702892,0.00011765632753385664,0.00041787774534896016
2,0.75,0.51,1.2599999999999998,1.3439999999999999,11.849209465198514,0.020926521056167137,9.342053701662262,0.7985630426325468,0.09027839969136744,0.0001226201017524263,0.0007497628685086966
2,0.75,0.51,1.2599999999999998,1.632,11.867207611986718,0.020933581282617124,9.33868079354489,0.8057084914753079,0.09024533218091718,0.0001226201017524263,0.00061881507281214
2,0.75,0.51,1.2599999999999998,1.92,11.867526752003243,0.02094676929540859,9.333579367904779,0.8075365300032333,0.09019802111231981,0.0001226201017524263,0.0005207255017012358
2,0.75,0.51,1.2599999999999998,2.304,11.829172658806161,0.021001422134626396,9.318195808452725,0.7998785353275037,0.09016245843570188,0.0001226201017524263,0.00046859256690368056
2,0.75,0.51,1.2599999999999998,2.88,11.827552030276713,0.02103266640388127,9.337600847040564,0.7927125352621064,0.09061876169181851,0.0001226201017524263,0.00041787774534896016
2,0.75,0.51,1.5299999999999998,1.3439999999999999,11.141258915257016,0.020957340974026822,8.671886751544177,0.7906360641377183,0.07624620638481928,0.00011831693428539236,0.0007497628685086966
2,0.75,0.51,1.5299999999999998,1.632,11.15398417129799,0.020972721816802424,8.665474797545793,0.7970396447605541,0.07619657805160415,0.00011831693428539236,0.00061881507281214
2,0.75,0.51,1.5299999999999998,1.92,11.147907806924671,0.020990355233003476,8.658947679525486,0.7972159521588672,0.07613020295878525,0.00011831693428539236,0.0005207255017012358
2,0.75,0.51,1.5299999999999998,2.304,11.15163738271188,0.021018966920799863,8.653936962076392,0.8001025007149598,0.07619787871945481,0.00011831693428539236,0.00046859256690368056
2,0.75,0.51,1.5299999999999998,2.88,11.126458874873597,0.02105103173813315,8.66423034801968,0.7881462177108073,0.07657798357947178,0.00011831693428539236,0.00041787774534896016
2,0.75,0.51,1.7999999999999998,1.3439999999999999,10.602107233744428,0.02101741584745881,8.102202217429172,0.8055196868630159,0.06206846219483543,0.00011716274454099534,0.0007497628685086966
2,0.75,0.51,1.7999999999999998,1.632,10.621964829137248,0.021010105445460243,8.105022273961282,0.8112060755065235,0.06209342986572824,0.00011716274454099534,0.00061881507281214
2,0.75,0.51,1.7999999999999998,1.92,10.602871260151952,0.021030628679611033,8.097715577262704,0.8072963665575482,0.06204458806312095,0.00011716274454099534,0.0005207255017012358
2,0.75,0.51,1.7999999999999998,2.304,10.597709145287286,0.02105967587516113,8.091143356468638,0.807742895505978,0.06210169983211753,0.00011716274454099534,0.00046859256690368056
2,0.75,0.51,1.7999999999999998,2.88,10.613716642629278,0.02108035681656436,8.100922317416916,0.8097014402119599,0.06244913561294912,0.00011716274454099534,0.00041787774534896016
2,0.75,0.51,2.1599999999999997,1.3439999999999999,9.972025911244575,0.021059536600535198,7.5799757182862,0.7749101375105214,0.04599951622533414,0.00011932913462585348,0.0007497628685086966
2,0.75,0.51,2.1599999999999997,1.632,10.037804283521343,0.021070325715583465,7.576121405707806,0.7981357662845953,0.045983809981934624,0.00011932913462585348,0.00061881507281214
2,0.75,0.51,2.1599999999999997,1.92,10.051803509252565,0.021096953265447853,7.566994006977815,0.8058631571023706,0.0459310613112942,0.00011932913462585348,0.0005207255017012358
2,0.75,0.51,2.1599999999999997,2.304,10.019330541400967,0.02112992472580027,7.557581539933387,0.7981580995998191,0.04596840143186193,0.00011932913462585348,0.00046859256690368056
2,0.75,0.51,2.1599999999999997,2.88,9.997748910307216,0.021137322420091566,7.566102433712481,0.7880224099132591,0.046280762370874064,0.00011932913462585348,0.00041787774534896016
2,0.75,0.51,2.6999999999999997,1.3439999999999999,9.330308910688654,0.021100744468834094,7.186552694827196,0.6983304428019164,0.027403917228063127,0.00011765632753385664,0.0007497628685086966
2,0.75,0.51,2.6999999999999997,1.632,9.316844369810777,0.021120454476831006,7.179918544877177,0.6960663585096034,0.027385353507855977,0.00011765632753385664,0.00061881507281214
2,0.75,0.51,2.6999999999999997,1.92,9.304462482218309,0.02111996349489226,7.1807587058471265,0.6916644343267431,0.02739899534729238,0.00011765632753385664,0.0005207255017012358
2,0.75,0.51,2.6999999999999997,2.304,9.316192370824085,0.021155604100016153,7.168996167255948,0.6994857060735823,0.02740760657904395,0.00011765632753385664,0.00046859256690368056
2,0.75,0.51,2.6999999999999997,2.88,9.316332923194127,0.021172003899958658,7.165764320579132,0.7005715474313782,0.027521296199037527,0.00011765632753385664,0.00041787774534896016
2,0.65,0.357,1.8899999999999997,1.3439999999999999,17.583046541032566,0.02275297419998799,17.18650349269584,0.05924965563686921,0.19577916941189427,0.00012336317892568897,0.0007497628685086966
2,0.65,0.357,1.8899999999999997,1.632,17.525853713584116,0.022786874136735462,17.161242854037262,0.04870767132798005,0.1954783179506599,0.00012336317892568897,0.00061881507281214
2,0.65,0.357,1.8899999999999997,1.92,17.53114110088261,0.022814869024219177,17.145583095214405,0.055753376339104974,0.1952897810224803,0.00012336317892568897,0.0005207255017012358
2,0.65,0.357,1.8899999999999997,2.304,17.604515986698775,0.02282004868809034,17.230773199425506,0.05145606483218333,0.19637695736487842,0.00012336317892568897,0.00046859256690368056
2,0.65,0.357,1.8899999999999997,2.88,17.68074564151733,0.022872150121112583,17.29631036138688,0.0545362752102199,0.1977919321013932,0.00012336317892568897,0.00041787774534896016
2,0.65,0.357,2.295,1.3439999999999999,16.31063196738072,0.02279982631552922,15.939545001887199,0.05752825085157954,0.1754409065066297,0.00012183752022693756,0.0007497628685086966
2,0.65,0.357,2.295,1.632,16.30352992643853,0.0228255415326664,15.921684404231357,0.06118597612027188,0.17523985653577748,0.00012183752022693756,0.00061881507281214
2,0.65,0.357,2.295,1.92,16.297327712028203,0.022847781794138485,15.912075013009602,0.0623639564329899,0.17512027901891242,0.00012183752022693756,0.0005207255017012358
2,0.65,0.357,2.295,2.304,16.365527708995987,0.022866158435013093,15.982313896806863,0.0613819268568918,0.1760247441572958,0.00012183752022693756,0.00046859256690368056
2,0.65,0.357,2.295,2.88,16.424824367678166,0.02288511039445266,16.04533193245355,0.059693444494146486,0.17736507676805258,0.00012183752022693756,0.00041787774534896016
2,0.65,0.357,2.6999999999999997,1.3439999999999999,15.984937621836002,0.02285245826217433,15.634830828065835,0.05086329957903672,0.17440323214006034,0.00012091923422728051,0.0007497628685086966
2,0.65,0.357,2.6999999999999997,1.632,16.004847836023092,0.022881009664002312,15.615390633695515,0.06405991772222071,0.1741745192048041,0.00012091923422728051,0.00061881507281214
2,0.65,0.357,2.6999999999999997,1.92,15.978618664582033,0.022892628294606664,15.61249891334243,0.056302935171948905,0.17412582400837312,0.00012091923422728051,0.0005207255017012358
2,0.65,0.357,2.6999999999999997,2.304,16.066954930234697,0.022908873348525465,15.677189256072838,0.06389718773354168,0.1749883840723726,0.00012091923422728051,0.00046859256690368056
2,0.65,0.357,2.6999999999999997,2.88,16.163818689697415,0.0229283413516846,15.751006179911933,0.07110136402939704,0.17641843725173434,0.00012091923422728051,0.00041787774534896016
2,0.65,0.357,3.2399999999999998,1.3439999999999999,13.879389466900127,0.022829034038629868,13.519838515879792,0.06432406887924802,0.14348863815943896,0.00012047774656560178,0.0007497628685086966
2,0.65,0.357,3.2399999999999998,1.632,13.846082925773027,0.022865206633703453,13.498186882092037,0.06051856323437812,0.14325335949833806,0.00012047774656560178,0.00061881507281214
2,0.65,0.357,3.2399999999999998,1.92,13.873492322180917,0.022876753216752404,13.495444318704493,0.07058699006283295,0.14321791909669346,0.00012047774656560178,0.0005207255017012358
2,0.65,0.357,3.2399999999999998,2.304,13.906864372975495,0.022893771386522647,13.546004499030087,0.06461797603880522,0.14393545334842722,0.00012047774656560178,0.00046859256690368056
2,0.65,0.357,3.2399999999999998,2.88,13.983481025768397,0.022912134256479536,13.604748168283692,0.0701816937763631,0.14511413525156294,0.00012047774656560178,0.00041787774534896016
2,0.65,0.357,4.05,1.3439999999999999,8.944796219849655,0.02286501660687973,8.764039173226053,0.030863535396034928,0.06504083866177922,0.00011885435428641081,0.0007497628685086966
2,0.65,0.357,4.05,1.632,8.942994835302418,0.02287563579159289,8.760525367292203,0.03145413071659935,0.06501013924069385,0.00011885435428641081,0.00061881507281214
2,0.65,0.357,4.05,1.92,8.933796633118485,0.022885585385031455,8.75865679360531,0.02902486617407535,0.0649877816491212,0.00011885435428641081,0.0005207255017012358
2,0.65,0.357,4.05,2.304,8.983628456640039,0.02289624167811298,8.776499842538724,0.0395641669138883,0.06536363760517945,0.00011885435428641081,0.00046859256690368056
2,0.65,0.357,4.05,2.88,8.996609522466565,0.022902804148578305,8.802221382435784,0.035107211411197256,0.06600268201871949,0.00011885435428641081,0.00041787774534896016
2,0.65,0.4335,1.8899999999999997,1.3439999999999999,17.65246586902518,0.022760316474389104,17.255399539769844,0.059242003952032794,0.19631806311061462,0.00012336317892568897,0.0007497628685086966
2,0.65,0.4335,1.8899999999999997,1.632,17.606892881207887,0.02278130206304123,17.239579080782615,0.049393885632524476,0.19612818798913687,0.00012336317892568897,0.00061881507281214
2,0.65,0.4335,1.8899999999999997,1.92,17.613877892057975,0.022811945770103665,17.222030036830095,0.0576398272463475,0.19592320111454417,0.00012336317892568897,0.0005207255017012358
2,0.65,0.4335,1.8899999999999997,2.304,17.67549447388133,0.022847399751449775,17.284901410228986,0.05693944048875934,0.1967497557108644,0.00012336317892568897,0.00046859256690368056
2,0.65,0.4335,1.8899999999999997,2.88,17.761145829099213,0.022866896145167407,17.373954294779214,0.05523852291101887,0.1984466971644904,0.00012336317892568897,0.00041787774534896016
2,0.65,0.4335,2.295,1.3439999999999999,16.412983899765383,0.022793768963868047,16.020046279432666,0.06459644118172163,0.176093047707058,0.00012183752022693756,0.0007497628685086966
2,0.65,0.4335,2.295,1.632,16.36313812943086,0.022834377656968715,15.991928017548652,0.057459814016435164,0.17577409639802247,0.00012183752022693756,0.00061881507281214
2,0.65,0.4335,2.295,1.92,16.36800662333446,0.02285805163044662,15.981554565344293,0.06258340676319697,0.17565101716354892,0.00012183752022693756,0.0005207255017012358
2,0.65,0.4335,2.295,2.304,16.43270041828524,0.02288701020260587,16.044523563422516,0.06288219036496213,0.1764661445390898,0.00012183752022693756,0.00046859256690368056
2,0.65,0.4335,2.295,2.88,16.506376956606278,0.022869529555206977,16.13217959234119,0.057691739332264,0.17809070213341435,0.00012183752022693756,0.00041787774534896016
2,0.65,0.4335,2.6999999999999997,1.3439999999999999,16.07462994024681,0.022842617395799767,15.710446000801713,0.05533085310392111,0.1750875581067113,0.00012091923422728051,0.0007497628685086966
2,0.65,0.4335,2.6999999999999997,1.632,16.043793182589674,0.02288541215044301,15.680886413943668,0.055017535737516575,0.1747468289909058,0.00012091923422728051,0.00061881507281214
2,0.65,0.4335,2.6999999999999997,1.92,16.046805030473116,0.022894687063955706,15.679629701882428,0.05645505614728803,0.17472297966409356,0.00012091923422728051,0.0005207255017012358
2,0.65,0.4335,2.6999999999999997,2.304,16.108219241273662,0.022933772449114053,15.729234779610886,0.060153079798182844,0.17541459627877531,0.00012091923422728051,0.00046859256690368056
2,0.65,0.4335,2.6999999999999997,2.88,16.222148109594855,0.02292324597711865,15.82279107446874,0.0663973492379257,0.17708010234135008,0.00012091923422728051,0.00041787774534896016
2,0.65,0.4335,3.2399999999999998,1.3439999999999999,13.964248592269863,0.02283876136879068,13.580569809468447,0.0721797933101227,0.1440395693177351,0.00012047774656560178,0.0007497628685086966
2,0.65,0.4335,3.2399999999999998,1.632,13.936316488631926,0.02288908378066901,13.550639841010057,0.07295057818437148,0.14371404144227354,0.00012047774656560178,0.00061881507281214
2,0.65,0.4335,3.2399999999999998,1.92,13.945871875867102,0.02291472483424765,13.539603543246034,0.07985763244889765,0.14358834946564755,0.00012047774656560178,0.0005207255017012358
2,0.65,0.4335,3.2399999999999998,2.304,14.000363867680976,0.02292483660807978,13.594728571977617,0.07939490093068806,0.14434903520917194,0.00012047774656560178,0.00046859256690368056
2,0.65,0.4335,3.2399999999999998,2.88,14.090255965934148,0.022915385561050976,13.669236890238269,0.08407566527565956,0.14571518766027564,0.00012047774656560178,0.00041787774534896016
2,0.65,0.4335,4.05,1.3439999999999999,9.004717702749002,0.022880376238552703,8.804821596924931,0.03705360102737026,0.06559434133656943,0.00011885435428641081,0.0007497628685086966
2,0.65,0.4335,4.05,1.632,8.974162509621232,0.022883556372840314,8.804052447019814,0.027140974240697807,0.06558228267835425,0.00011885435428641081,0.00061881507281214
2,0.65,0.4335,4.05,1.92,8.958863399976519,0.022906719716450145,8.797266227503952,0.024319896165355036,0.06553889030325549,0.00011885435428641081,0.0005207255017012358
2,0.65,0.4335,4.05,2.304,8.978101951187817,0.022929593989343234,8.811285892643253,0.025942011378082788,0.06588419634461347,0.00011885435428641081,0.00046859256690368056
2,0.65,0.4335,4.05,2.88,8.998267513705638,0.022943280479796272,8.833518875752443,0.025051481708631678,0.06648989271761353,0.00011885435428641081,0.00041787774534896016
2,0.65,0.51,1.8899999999999997,1.3439999999999999,17.79414659084988,0.022745173853214992,17.366763808180362,0.0690699504939628,0.19716581952018025,0.00012336317892568897,0.0007497628685086966
2,0.65,0.51,1.8899999999999997,1.632,17.730139906925423,0.022794866760207828,17.329221077257554,0.060385440819075396,0.19674498697491488,0.00012336317892568897,0.00061881507281214
2,0.65,0.51,1.8899999999999997,1.92,17.73160572059285,0.02279353740414105,17.335695013889662,0.05870531238163741,0.1968080055499449,0.00012336317892568897,0.0005207255017012358
2,0.65,0.51,1.8899999999999997,2.304,17.797850028183607,0.022810820554550103,17.41278595727617,0.054762845837461244,0.19778712611675103,0.00012336317892568897,0.00046859256690368056
2,0.65,0.51,1.8899999999999997,2.88,17.889759176926074,0.02284509470988182,17.489038489505017,0.05945384255658034,0.19935169276414916,0.00012336317892568897,0.00041787774534896016
2,0.65,0.51,2.295,1.3439999999999999,16.521257211152392,0.022804621529134466,16.119010504974433,0.06748181295210301,0.17673516567589237,0.00012183752022693756,0.0007497628685086966
2,0.65,0.51,2.295,1.632,16.49550590646127,0.022826307663992487,16.10378372276273,0.06403770302709798,0.17656057117533583,0.00012183752022693756,0.00061881507281214
2,0.65,0.51,2.295,1.92,16.506554256496596,0.022837485157287077,16.102175377027958,0.06827193055048413,0.17653283375332038,0.00012183752022693756,0.0005207255017012358
2,0.65,0.51,2.295,2.304,16.59721582194774,0.022844349544246495,16.181436192206473,0.07174558595381729,0.1775213933094266,0.00012183752022693756,0.00046859256690368056
2,0.65,0.51,2.295,2.88,16.667131775599035,0.022862428174590298,16.242905225831816,0.07411132188862238,0.17886824134708504,0.00012183752022693756,0.00041787774534896016
2,0.65,0.51,2.6999999999999997,1.3439999999999999,16.22958927822041,0.02283289635402305,15.812085299494,0.07283820949982524,0.1758952492420878,0.00012091923422728051,0.0007497628685086966
2,0.65,0.51,2.6999999999999997,1.632,16.207982879862033,0.022847307480106775,15.801913696729002,0.06907436901692897,0.17577684831002516,0.00012091923422728051,0.00061881507281214
2,0.65,0.51,2.6999999999999997,1.92,16.130627423739366,0.022883352309271132,15.78181088415633,0.05006723683554465,0.1755389833463537,0.00012091923422728051,0.0005207255017012358
2,0.65,0.51,2.6999999999999997,2.304,16.218053080668458,0.022915644840393747,15.836623594420585,0.06068409469819838,0.17628470377254524,0.00012091923422728051,0.00046859256690368056
2,0.65,0.51,2.6999999999999997,2.88,16.322822196803816,0.022913253958461964,15.923598422875429,0.06608645369236393,0.17788951979896417,0.00012091923422728051,0.00041787774534896016
2,0.65,0.51,3.2399999999999998,1.3439999999999999,14.016256207599952,0.022870084059019587,13.653615023769474,0.06498141605191922,0.14456577943117926,0.00012047774656560178,0.0007497628685086966
2,0.65,0.51,3.2399999999999998,1.632,14.016984000037324,0.022894616409757353,13.639204796532272,0.07008402921368384,0.14441071160842872,0.00012047774656560178,0.00061881507281214
2,0.65,0.51,3.2399999999999998,1.92,14.042992092212438,0.0229066446678245,13.636336969497721,0.07972687029002835,0.14437550620233053,0.00012047774656560178,0.0005207255017012358
2,0.65,0.51,3.2399999999999998,2.304,14.087270518135863,0.02291271974851249,13.694263841905853,0.07492066997656834,0.14515522545775117,0.00012047774656560178,0.00046859256690368056
2,0.65,0.51,3.2399999999999998,2.88,14.145815666979667,0.022938756014092954,13.745978077811973,0.07681492198343935,0.14629256055570877,0.00012047774656560178,0.00041787774534896016
2,0.65,0.51,4.05,1.3439999999999999,9.052672675093191,0.02288916225878221,8.870001689643063,0.031080958077764932,0.06627836379121235,0.00011885435428641081,0.0007497628685086966
2,0.65,0.51,4.05,1.632,9.048358935548666,0.02290225874952906,8.865214372459278,0.031261153875259816,0.06623754188594978,0.00011885435428641081,0.00061881507281214
2,0.65,0.51,4.05,1.92,9.026020526799538,0.022919978489058926,8.860753752311314,0.02531471032612806,0.06621079106398528,0.00011885435428641081,0.0005207255017012358
2,0.65,0.51,4.05,2.304,9.028500791860175,0.02293224429146414,8.879377069763757,0.019808853589907735,0.06658868295887303,0.00011885435428641081,0.00046859256690368056
2,0.65,0.51,4.05,2.88,9.067109883557361,0.022966178774419414,8.892931513344477,0.027971069430680364,0.06713796351653323,0.00011885435428641081,0.00041787774534896016
2,0.65,0.612,1.8899999999999997,1.3439999999999999,17.886605674733413,0.022768418667075,17.489889516820938,0.058547248369571495,0.19804405632245503,0.00012336317892568897,0.0007497628685086966
2,0.65,0.612,1.8899999999999997,1.632,17.850127224841987,0.022799143680407485,17.466618741355063,0.05423521400995687,0.19778104430112317,0.00012336317892568897,0.00061881507281214
2,0.65,0.612,1.8899999999999997,1.92,17.830326620615697,0.022819261365656124,17.45641768798155,0.051082099444719115,0.1976501463301477,0.00012336317892568897,0.0005207255017012358
2,0.65,0.612,1.8899999999999997,2.304,17.914254258210438,0.02281896225721904,17.547542722214928,0.04830969592322528,0.19878589924486378,0.00012336317892568897,0.00046859256690368056
2,0.65,0.612,1.8899999999999997,2.88,18.03032692165323,0.022850809012751844,17.623723825303642,0.061073380105271635,0.20036977474373657,0.00012336317892568897,0.00041787774534896016
2,0.65,0.612,2.295,1.3439999999999999,16.61287436295591,0.022823240092488078,16.251520674835447,0.053529914024354926,0.17767922583828785,0.00012183752022693756,0.0007497628685086966
2,0.65,0.612,2.295,1.632,16.62860908643871,0.02284731764194467,16.234338870029504,0.06457218417315928,0.17748415046987412,0.00012183752022693756,0.00061881507281214
2,0.65,0.612,2.295,1.92,16.59545478956482,0.022871771811789805,16.222806829923858,0.057414000197481274,0.17734141833014697,0.00012183752022693756,0.0005207255017012358
2,0.65,0.612,2.295,2.304,16.688488134020144,0.022878196576680748,16.30261334080685,0.061498358193836186,0.17832439302896128,0.00012183752022693756,0.00046859256690368056
2,0.65,0.612,2.295,2.88,16.753743877461996,0.022892450723172544,16.36538461570583,0.06186740834413698,0.17970267142091018,0.00012183752022693756,0.00041787774534896016
2,0.65,0.612,2.6999999999999997,1.3439999999999999,16.317833609759216,0.02286023755634689,15.925741710764292,0.06406868662826341,0.17676439692296483,0.00012091923422728051,0.0007497628685086966
2,0.65,0.612,2.6999999999999997,1.632,16.309702500215305,0.02286988364725819,15.91924338237724,0.06356193008255834,0.17668152365102374,0.00012091923422728051,0.00061881507281214
2,0.65,0.612,2.6999999999999997,1.92,16.284002600904827,0.02290220425077613,15.901739735684187,0.06089890468511522,0.17647145349374266,0.00012091923422728051,0.0005207255017012358
2,0.65,0.612,2.6999999999999997,2.304,16.360757675953547,0.02291085023694712,15.973344988130657,0.062310821586937105,0.17739251928479538,0.00012091923422728051,0.00046859256690368056
2,0.65,0.612,2.6999999999999997,2.88,16.446859385722572,0.022918506176893266,16.051343842108192,0.06450634543201919,0.17891636204756067,0.00012091923422728051,0.00041787774534896016
2,0.65,0.612,3.2399999999999998,1.3439999999999999,14.146901209913963,0.022871093339294074,13.782370235516067,0.06525517337663224,0.1456332887441834,0.00012047774656560178,0.0007497628685086966
2,0.65,0.612,3.2399999999999998,1.632,14.135955295103807,0.02288226299750724,13.77606050558423,0.06374210247739648,0.14556443124406634,0.00012047774656560178,0.00061881507281214
2,0.65,0.612,3.2399999999999998,1.92,14.115078832284926,0.022912860928767455,13.761871483251722,0.06156428993571042,0.1454092573228243,0.00012047774656560178,0.0005207255017012358
2,0.65,0.612,3.2399999999999998,2.304,14.204146664552118,0.022899401834699063,13.832258701129609,0.06749937761727932,0.14631370764193022,0.00012047774656560178,0.00046859256690368056
2,0.65,0.612,3.2399999999999998,2.88,14.25081484649992,0.022918296114027917,13.886631340805453,0.06453503267602985,0.14749860490477315,0.00012047774656560178,0.00041787774534896016
2,0.65,0.612,4.05,1.3439999999999999,9.331765660892298,0.022907200081544586,8.96355485347245,0.09258162193684091,0.06729815636094327,0.00011885435428641081,0.0007497628685086966
2,0.65,0.612,4.05,1.632,9.333542470710334,0.022909492305525535,8.963073451765135,0.09334707792518114,0.06729699203599906,0.00011885435428641081,0.00061881507281214
2,0.65,0.612,4.05,1.92,9.334708229724564,0.022945321542957305,8.951284798706094,0.09769196401334289,0.06721034347868575,0.00011885435428641081,0.0005207255017012358
2,0.65,0.612,4.05,2.304,9.366500282873021,0.022936426829858806,8.978773048402596,0.09899057675411009,0.06764284330187963,0.00011885435428641081,0.00046859256690368056
2,0.65,0.612,4.05,2.88,9.163754346776093,0.022979735432725096,8.987605808546538,0.028281172180265515,0.06816426662614124,0.00011885435428641081,0.00041787774534896016
2,0.65,0.765,1.8899999999999997,1.3439999999999999,18.07120089069208,0.02277713551170843,17.793978436348965,0.018013080270310067,0.20014414020623944,0.00012336317892568897,0.0007497628685086966
2,0.65,0.765,1.8899999999999997,1.632,18.042682725206426,0.022802468969324436,17.774564887421462,0.01505496584143638,0.19992781781580862,0.00012336317892568897,0.00061881507281214
2,0.65,0.765,1.8899999999999997,1.92,18.06419018611084,0.022804935665508733,17.777999689576372,0.021078403181037278,0.19995712472165686,0.00012336317892568897,0.0005207255017012358
2,0.65,0.765,1.8899999999999997,2.304,18.185977367269246,0.022792499751469558,17.879808850378303,0.027333108764815716,0.20119910412127115,0.00012336317892568897,0.00046859256690368056
2,0.65,0.765,1.8899999999999997,2.88,18.271686379675284,0.022807627740656453,17.964503032623366,0.027093542640800692,0.2029327191115736,0.00012336317892568897,0.00041787774534896016
2,0.65,0.765,2.295,1.3439999999999999,16.897468017404936,0.022799622562706914,16.591295604305813,0.034354222164848236,0.18004864392524833,0.00012183752022693756,0.0007497628685086966
2,0.65,0.765,2.295,1.632,16.861897387065795,0.022845558479946945,16.557932628753537,0.03373898938882487,0.179680035887923,0.00012183752022693756,0.00061881507281214
2,0.65,0.765,2.295,1.92,16.87473901352228,0.022850751807094238,16.560192011743528,0.037270459082871306,0.17969210381646455,0.00012183752022693756,0.0005207255017012358
2,0.65,0.765,2.295,2.304,16.976915307810007,0.02285540764492122,16.642730873841113,0.043485509605672795,0.1806953684808116,0.00012183752022693756,0.00046859256690368056
2,0.65,0.765,2.295,2.88,17.001360557905063,0.022879049441570407,16.69510971489683,0.033735551359282516,0.1820032249091381,0.00012183752022693756,0.00041787774534896016
2,0.65,0.765,2.6999999999999997,1.3439999999999999,16.621267995092545,0.02285787557336889,16.222519409178187,0.06555453017429716,0.17896591518727575,0.00012091923422728051,0.0007497628685086966
2,0.65,0.765,2.6999999999999997,1.632,16.566000973963504,0.022887170881179104,16.201832063420607,0.05411101310898409,0.17872678004265377,0.00012091923422728051,0.00061881507281214
2,0.65,0.765,2.6999999999999997,1.92,16.555296581929156,0.022920565915058737,16.18309445797005,0.05685941075501472,0.1785108323582265,0.00012091923422728051,0.0005207255017012358
2,0.65,0.765,2.6999999999999997,2.304,16.64614769947401,0.022928347140733083,16.25642423101835,0.06239311664669347,0.17943891783450744,0.00012091923422728051,0.00046859256690368056
2,0.65,0.765,2.6999999999999997,2.88,16.704523547027964,0.02294209712954697,16.326256360259162,0.05808453132104131,0.18090985658225928,0.00012091923422728051,0.00041787774534896016
2,0.65,0.765,3.2399999999999998,1.3439999999999999,14.342029493143444,0.022873043441309762,14.071081109663442,0.03333357692093916,0.14781353709135428,0.00012047774656560178,0.0007497628685086966
2,0.65,0.765,3.2399999999999998,1.632,14.304603962730647,0.022888774694200104,14.061712256425912,0.024024661110476936,0.1477071604332918,0.00012047774656560178,0.00061881507281214
2,0.65,0.765,3.2399999999999998,1.92,14.32712908947473,0.02290252956468328,14.05728704741529,0.03303108736661471,0.14765388942043312,0.00012047774656560178,0.0005207255017012358
2,0.65,0.765,3.2399999999999998,2.304,14.38794659331241,0.022910395821397447,14.115957249640777,0.033495634640553086,0.14841532283453412,0.00012047774656560178,0.00046859256690368056
2,0.65,0.765,3.2399999999999998,2.88,14.464757108886106,0.022925512008102385,14.169227550478496,0.040939270055218115,0.14962472958627782,0.00012047774656560178,0.00041787774534896016
2,0.65,0.765,4.05,1.3439999999999999,9.927239457341155,0.0229244805915217,9.194388217930621,0.21341235414433313,0.06942911121917453,0.00011885435428641081,0.0007497628685086966
2,0.65,0.765,4.05,1.632,9.93280777458815,0.02293587000558936,9.189829260754516,0.21680815559283695,0.0693968762214034,0.00011885435428641081,0.00061881507281214
2,0.65,0.765,4.05,1.92,9.921216438764295,0.02295506984180068,9.184138359407502,0.21485633531080525,0.06936212962577987,0.00011885435428641081,0.0005207255017012358
2,0.65,0.765,4.05,2.304,9.959926730672665,0.022961727961161447,9.206963024387196,0.22002511449692885,0.06975040075716145,0.00011885435428641081,0.00046859256690368056
2,0.65,0.765,4.05,2.88,9.971174535752406,0.022990160498948965,9.219064744988046,0.2195466879333443,0.0703185468354875,0.00011885435428641081,0.00041787774534896016
2,0.7,0.357,1.8899999999999997,1.3439999999999999,20.224119422890155,0.021825143877223837,19.438299651283863,0.1799054623214397,0.2240173164523696,0.00011998483942756571,0.0007497628685086966
2,0.7,0.357,1.8899999999999997,1.632,20.207602091606834,0.021841270528471426,19.424061975658635,0.17920858639844858,0.22385144625070966,0.00011998483942756571,0.00061881507281214
2,0.7,0.357,1.8899999999999997,1.92,20.135669452385077,0.021877066073327532,19.398453878388384,0.16386550301991765,0.22354978576127385,0.00011998483942756571,0.0005207255017012358
2,0.7,0.357,1.8899999999999997,2.304,20.280277118386298,0.021890403306878265,19.49221164123523,0.18042703930082524,0.22471738271981656,0.00011998483942756571,0.00046859256690368056
2,0.7,0.357,1.8899999999999997,2.88,20.363700625178947,0.021919743138169624,19.575712885842904,0.17982652560693063,0.22642706060164708,0.00011998483942756571,0.00041787774534896016
2,0.7,0.357,2.295,1.3439999999999999,17.92548247012599,0.02187725449658866,17.22425300833031,0.16154888632749076,0.1944449110137229,0.0001190281411286645,0.0007497628685086966
2,0.7,0.357,2.295,1.632,17.950337797267853,0.021886691540413877,17.2165243378028,0.17245039782709434,0.1943542214791771,0.0001190281411286645,0.00061881507281214
2,0.7,0.357,2.295,1.92,17.943756362251797,0.02190636477794726,17.20681484579168,0.17353841107999912,0.19422799234932375,0.0001190281411286645,0.0005207255017012358
2,0.7,0.357,2.295,2.304,18.049866807607504,0.021922934767858317,17.280918045899714,0.18388901960919868,0.1951824818999231,0.0001190281411286645,0.00046859256690368056
2,0.7,0.357,2.295,2.88,18.13674669753768,0.021934644651139954,17.365774135412053,0.18402231920800377,0.19680988808453523,0.0001190281411286645,0.00041787774534896016
2,0.7,0.357,2.6999999999999997,1.3439999999999999,16.55183776817021,0.021905947128794793,15.856493833309642,0.16551795760141194,0.17662352512013474,0.0001188698228155316,0.0007497628685086966
2,0.7,0.357,2.6999999999999997,1.632,16.545064847065465,0.021931072933187423,15.838562314176682,0.1693111818160711,0.17641660903869225,0.0001188698228155316,0.00061881507281214
2,0.7,0.357,2.6999999999999997,1.92,16.515250959791263,0.021970760510247447,15.814611930729837,0.16744301589062965,0.17614734228193119,0.0001188698228155316,0.0005207255017012358
2,0.7,0.357,2.6999999999999997,2.304,16.593797305416537,0.021997830607359964,15.869374765792251,0.1751160323503515,0.17690037324895364,0.0001188698228155316,0.00046859256690368056
2,0.7,0.357,2.6999999999999997,2.88,16.690477337111595,0.022009488376627067,15.951036813457936,0.17961727099852304,0.17841819801101236,0.0001188698228155316,0.00041787774534896016
2,0.7,0.357,3.2399999999999998,1.3439999999999999,13.376036700079375,0.021919469480910867,12.71335646052134,0.17023232891472398,0.12980301209465264,0.000119474592486438,0.0007497628685086966
2,0.7,0.357,3.2399999999999998,1.632,13.349830845458914,0.0219337338288503,12.705109241644655,0.16428397744799733,0.1297144507418268,0.000119474592486438,0.00061881507281214
2,0.7,0.357,3.2399999999999998,1.92,13.369873798876524,0.021943971832218148,12.702832504410512,0.17173925519884065,0.12968749700901527,0.000119474592486438,0.0005207255017012358
2,0.7,0.357,3.2399999999999998,2.304,13.430029734632518,0.0219823275407105,12.733175212971608,0.18150097407808222,0.13019285173813444,0.000119474592486438,0.00046859256690368056
2,0.7,0.357,3.2399999999999998,2.88,13.465359878342056,0.021990393043563983,12.790622467505996,0.17375389939096195,0.1313241139182596,0.000119474592486438,0.00041787774534896016
2,0.7,0.357,4.05,1.3439999999999999,8.867409346986072,0.021991503027969726,8.36087943811742,0.14361662208935264,0.053428147658378,0.00011821017897770646,0.0007497628685086966
2,0.7,0.357,4.05,1.632,8.86881151060353,0.022005536164790056,8.355735860866721,0.1458196944704767,0.05338992258505115,0.00011821017897770646,0.00061881507281214
2,0.7,0.357,4.05,1.92,8.869010963464751,0.02202238589873458,8.350866005338228,0.14752177023808327,0.05336558080933584,0.00011821017897770646,0.0005207255017012358
2,0.7,0.357,4.05,2.304,8.902136909866798,0.022040711522742444,8.35974749231773,0.15550428103292413,0.05365982210378655,0.00011821017897770646,0.00046859256690368056
2,0.7,0.357,4.05,2.88,8.907257344240277,0.022042403539354206,8.381478221497057,0.14978515256673552,0.05422043512635994,0.00011821017897770646,0.00041787774534896016
2,0.7,0.4335,1.8899999999999997,1.3439999999999999,20.266349160278807,0.02184457000666734,19.502360388572335,0.17247775938121676,0.22444999924377557,0.00011998483942756571,0.0007497628685086966
2,0.7,0.4335,1.8899999999999997,1.632,20.24410414649265,0.021883325736226988,19.468046374971763,0.17663177802153812,0.2240574717463739,0.00011998483942756571,0.00061881507281214
2,0.7,0.4335,1.8899999999999997,1.92,20.230838437378285,0.021901376953740923,19.458269713677783,0.17551137318016832,0.22394101410391973,0.00011998483942756571,0.0005207255017012358
2,0.7,0.4335,1.8899999999999997,2.304,20.32862311231797,0.02191781008047996,19.549634853924445,0.17727080406665294,0.22508146289118705,0.00011998483942756571,0.00046859256690368056
2,0.7,0.4335,1.8899999999999997,2.88,20.45932272597837,0.021932280793567575,19.645257095526986,0.18834334318048795,0.22694196134092054,0.00011998483942756571,0.00041787774534896016
2,0.7,0.4335,2.295,1.3439999999999999,17.987011687756137,0.021891021600689006,17.287882513614488,0.16067127056668068,0.19496370353802456,0.0001190281411286645,0.0007497628685086966
2,0.7,0.4335,2.295,1.632,17.98479940692852,0.0219249993300904,17.260960920138615,0.1690115166923841,0.19465758441848283,0.0001190281411286645,0.00061881507281214
2,0.7,0.4335,2.295,1.92,17.976808164189112,0.021964007341467875,17.235969829688464,0.17477186247859264,0.1943668136305505,0.0001190281411286645,0.0005207255017012358
2,0.7,0.4335,2.295,2.304,18.091366502486267,0.021957261672245692,17.328555348605615,0.18171852808017122,0.19552202175547825,0.0001190281411286645,0.00046859256690368056
2,0.7,0.4335,2.295,2.88,18.163111630951782,0.02197066361762709,17.410920097944267,0.17764332631988866,0.19712981866428037,0.0001190281411286645,0.00041787774534896016
2,0.7,0.4335,2.6999999999999997,1.3439999999999999,16.62088798838866,0.021943644112545728,15.899122459087176,0.17419360890870123,0.176980468655435,0.0001188698228155316,0.0007497628685086966
2,0.7,0.4335,2.6999999999999997,1.632,16.583752653484968,0.021974062516135016,15.877084049873773,0.1692511284034374,0.17671985041606125,0.0001188698228155316,0.00061881507281214
2,0.7,0.4335,2.6999999999999997,1.92,16.586063630294937,0.022007945296005794,15.857429893152242,0.1766478764277438,0.17649028396610286,0.0001188698228155316,0.0005207255017012358
2,0.7,0.4335,2.6999999999999997,2.304,16.673911191266683,0.022015508200098722,15.926653151966551,0.1825525657562104,0.1774085951144862,0.0001188698228155316,0.00046859256690368056
2,0.7,0.4335,2.6999999999999997,2.88,16.760638355869187,0.02201614115785837,16.015211180623066,0.18141339408061502,0.17900982757596598,0.0001188698228155316,0.00041787774534896016
2,0.7,0.4335,3.2399999999999998,1.3439999999999999,13.4379495853081,0.02193867412125751,12.767602397472904,0.17259957195308326,0.13034902661638892,0.000119474592486438,0.0007497628685086966
2,0.7,0.4335,3.2399999999999998,1.632,13.413480118139638,0.021970495183402612,12.749151150718012,0.1706594039671806,0.13015877343708981,0.000119474592486438,0.00061881507281214
2,0.7,0.4335,3.2399999999999998,1.92,13.414284595554623,0.021993313323956834,12.739552283729838,0.17416415301980218,0.13005447941316464,0.000119474592486438,0.0005207255017012358
2,0.7,0.4335,3.2399999999999998,2.304,13.477855887479619,0.021998289221963972,12.789507908331064,0.17846977124542643,0.13076395604249313,0.000119474592486438,0.00046859256690368056
2,0.7,0.4335,3.2399999999999998,2.88,13.525650995155045,0.02201696453211315,12.839802887285002,0.17728150399098377,0.13182542566362848,0.000119474592486438,0.00041787774534896016
2,0.7,0.4335,4.05,1.3439999999999999,8.9301653985935,0.02199519836445945,8.400127137426077,0.15124238936541276,0.05405550279247962,0.00011821017897770646,0.0007497628685086966
2,0.7,0.4335,4.05,1.632,8.917276003574704,0.022004411657176405,8.396925517674118,0.14803105182958873,0.054031811179106735,0.00011821017897770646,0.00061881507281214
2,0.7,0.4335,4.05,1.92,8.909593505713895,0.022025163363032136,8.390782465042244,0.1475294701389205,0.05400578618765292,0.00011821017897770646,0.0005207255017012358
2,0.7,0.4335,4.05,2.304,8.953206500639478,0.02202520448190823,8.407109573164126,0.1565139509237044,0.05435382939856448,0.00011821017897770646,0.00046859256690368056
2,0.7,0.4335,4.05,2.88,8.94339551139012,0.02204520064934778,8.420971695293012,0.1484554062773516,0.054851570238406935,0.00011821017897770646,0.00041787774534896016
2,0.7,0.51,1.8899999999999997,1.3439999999999999,20.362752717133496,0.02185323960974837,19.603531221550902,0.17067834079603597,0.2250723092723576,0.00011998483942756571,0.0007497628685086966
2,0.7,0.51,1.8899999999999997,1.632,20.327942119352397,0.02187042228435106,19.58839333423719,0.1641868497645444,0.22489617356355507,0.00011998483942756571,0.00061881507281214
2,0.7,0.51,1.8899999999999997,1.92,20.324988400374888,0.02188617405997723,19.5804098652764,0.16590095569591445,0.22479728084843076,0.00011998483942756571,0.0005207255017012358
2,0.7,0.51,1.8899999999999997,2.304,20.40055519175236,0.021908037018150847,19.667447003207002,0.1617153822101814,0.22587743167476415,0.00011998483942756571,0.00046859256690368056
2,0.7,0.51,1.8899999999999997,2.88,20.51470958399311,0.021911941328638246,19.77099784957643,0.16459618409377944,0.22784988203127168,0.00011998483942756571,0.00041787774534896016
2,0.7,0.51,2.295,1.3439999999999999,18.100136531504305,0.021886013158873077,17.392668371036446,0.16320218689693147,0.1957149493152944,0.0001190281411286645,0.0007497628685086966
2,0.7,0.51,2.295,1.632,18.064470130117694,0.021913334180453315,17.371054415102105,0.15860392059286924,0.1954692660923451,0.0001190281411286645,0.00061881507281214
2,0.7,0.51,2.295,1.92,18.01704066112331,0.021946419062804357,17.350437712869745,0.14974507577526744,0.19522937577211125,0.0001190281411286645,0.0005207255017012358
2,0.6,0.24989999999999998,2.8349999999999995,0.9407999999999999,14.269611556994073,0.024039239236120568,13.987957966638476,0.035025340296014,0.1521874064271134,0.00012039017782383699,0.001049355836585164
2,0.6,0.24989999999999998,2.8349999999999995,1.1423999999999999,14.236537225437376,0.024061817067007676,13.97516742820742,0.02832272170633575,0.15204897410107374,0.00012039017782383699,0.0008490796317346394
2,0.6,0.24989999999999998,2.8349999999999995,1.3439999999999999,14.232840878177845,0.024101032679778756,13.951957257875032,0.034908176661654834,0.15179701172417098,0.00012039017782383699,0.0007497628685086966
2,0.6,0.24989999999999998,2.8349999999999995,1.6127999999999998,14.214564054538661,0.02412008224451912,13.940934909583342,0.03253747786943078,0.15167448524268362,0.00012039017782383699,0.0006200893549248576
2,0.6,0.24989999999999998,2.8349999999999995,2.016,14.177957686547806,0.02416120459272426,13.927540035544077,0.0248462088957737,0.15152988895906458,0.00012039017782383699,0.000506045704241842
2,0.6,0.24989999999999998,3.4425,0.9407999999999999,11.306310559414278,0.02408883215387483,10.981092033222998,0.06462443264135112,0.10690536821014109,0.00012073717412079688,0.001049355836585164
2,0.6,0.24989999999999998,3.4425,1.1423999999999999,11.317816447397595,0.024101240188995426,10.975574714939508,0.07033446625722665,0.10684614845565454,0.00012073717412079688,0.0008490796317346394
2,0.6,0.24989999999999998,3.4425,1.3439999999999999,11.329434289006436,0.024111719091183204,10.97043122944305,0.07594592138002763,0.10679242631933127,0.00012073717412079688,0.0007497628685086966
2,0.6,0.24989999999999998,3.4425,1.6127999999999998,11.287746467909924,0.024134471204083678,10.960321294811306,0.06545938867524181,0.10669028791009391,0.00012073717412079688,0.0006200893549248576
2,0.6,0.24989999999999998,3.4425,2.016,11.298183184607533,0.024130648377815214,10.96879987514134,0.0660931314350585,0.106785231919692,0.00012073717412079688,0.000506045704241842
2,0.6,0.24989999999999998,4.05,0.9407999999999999,8.382117717868486,0.024108956053997776,8.110127022411216,0.06392688481109866,0.0557505330192176,0.0001191506659363531,0.001049355836585164
2,0.6,0.24989999999999998,4.05,1.1423999999999999,8.401230181471304,0.0240897526676788,8.116927301670279,0.06804306832687239,0.05579345306342688,0.0001191506659363531,0.0008490796317346394
2,0.6,0.24989999999999998,4.05,1.3439999999999999,8.380857145032985,0.024122520988022225,8.10544108033096,0.06510597388369459,0.055714948002585786,0.0001191506659363531,0.0007497628685086966
2,0.6,0.24989999999999998,4.05,1.6127999999999998,8.362189108182985,0.02413273751740937,8.1023948413901,0.05991722327886809,0.055688087432614365,0.0001191506659363531,0.0006200893549248576
2,0.6,0.24989999999999998,4.05,2.016,8.376520891227303,0.024140253411435143,8.103309099113552,0.06438819528106862,0.055719393948053746,0.0001191506659363531,0.000506045704241842
2,0.6,0.24989999999999998,4.859999999999999,0.9407999999999999,7.426545061457261,0.024121388285510546,6.756814800218139,0.20943821920208358,0.016944395861514736,0.00011670911623264286,0.001049355836585164
2,0.6,0.24989999999999998,4.859999999999999,1.1423999999999999,7.430926320804493,0.024158215267342145,6.746834907134603,0.21424144435993225,0.016919128698360094,0.00011670911623264286,0.0008490796317346394
2,0.6,0.24989999999999998,4.859999999999999,1.3439999999999999,7.418420225679276,0.02416543259564755,6.74415969916925,0.21097585109158118,0.016907599044213392,0.00011670911623264286,0.0007497628685086966
2,0.6,0.24989999999999998,4.859999999999999,1.6127999999999998,7.416778421417052,0.024200720944610836,6.734485981866766,0.21366170395123257,0.016885567210630656,0.00011670911623264286,0.0006200893549248576
2,0.6,0.24989999999999998,4.859999999999999,2.016,7.425324087838319,0.024213927560140024,6.731219768783903,0.21760612642250207,0.016885185780627764,0.00011670911623264286,0.000506045704241842
2,0.6,0.24989999999999998,6.074999999999999,0.9407999999999999,8.8635673133367,0.024103883278624248,6.573153365141641,0.7523640086105605,0.00886895497307303,0.00011425786901397492,0.001049355836585164
2,0.6,0.24989999999999998,6.074999999999999,1.1423999999999999,8.858274261115358,0.02410860530667348,6.572228916836621,0.7509255398746153,0.00887111809799222,0.00011425786901397492,0.0008490796317346394
2,0.6,0.24989999999999998,6.074999999999999,1.3439999999999999,8.852693804583955,0.024143456444853648,6.562156529293859,0.7524265643543937,0.008854919560803047,0.00011425786901397492,0.0007497628685086966
2,0.6,0.24989999999999998,6.074999999999999,1.6127999999999998,8.883758159200966,0.024162474496713108,6.557186476256052,0.7644465521245511,0.00884924790736326,0.00011425786901397492,0.0006200893549248576
2,0.6,0.24989999999999998,6.074999999999999,2.016,8.892276359972671,0.02420992166968249,6.544666402913501,0.771460380485103,0.008832802862200428,0.00011425786901397492,0.000506045704241842
2,0.6,0.30345,2.8349999999999995,0.9407999999999999,14.289653048911303,0.024071768326141357,14.011166939133824,0.033842601034079316,0.15253561454477735,0.00012039017782383699,0.001049355836585164
2,0.6,0.30345,2.8349999999999995,1.1423999999999999,14.289698261100117,0.02407652147430295,14.008607866402459,0.034738622103719155,0.15250716596933145,0.00012039017782383699,0.0008490796317346394
2,0.6,0.30345,2.8349999999999995,1.3439999999999999,14.251483789791651,0.024105550666254857,13.991407468477945,0.027796025216574802,0.15232164908382853,0.00012039017782383699,0.0007497628685086966
2,0.6,0.30345,2.8349999999999995,1.6127999999999998,14.250757732780121,0.02410960162025555,13.988917013114248,0.0284066335120757,0.15228907364956604,0.00012039017782383699,0.0006200893549248576
2,0.6,0.30345,2.8349999999999995,2.016,14.262175721428166,0.024135620758434874,13.984186816492933,0.03381091630922964,0.15223260448449025,0.00012039017782383699,0.000506045704241842
2,0.6,0.30345,3.4425,0.9407999999999999,11.277721316352775,0.024069352012772913,11.0290472375603,0.03889843378977797,0.10755839750715639,0.00012073717412079688,0.001049355836585164
2,0.6,0.30345,3.4425,1.1423999999999999,11.281030593272856,0.02409025126170453,11.019703418879239,0.043161328168020874,0.10746199358609364,0.00012073717412079688,0.0008490796317346394
2,0.6,0.30345,3.4425,1.3439999999999999,11.251811461633908,0.02412064114128419,11.005629268925691,0.038158178107874,0.10732586723052276,0.00012073717412079688,0.0007497628685086966
2,0.6,0.30345,3.4425,1.6127999999999998,11.248872148066338,0.02413262020015051,11.000569871761773,0.03889223215092151,0.10727071169293724,0.00012073717412079688,0.0006200893549248576
2,0.6,0.30345,3.4425,2.016,11.268194656556314,0.02411700544139482,11.014367374868892,0.04070020845074517,0.1074216160302829,0.00012073717412079688,0.000506045704241842
2,0.6,0.30345,4.05,0.9407999999999999,8.423359514541499,0.0240968392448697,8.144223228868709,0.06611476567729148,0.05634459744528819,0.0001191506659363531,0.001049355836585164
2,0.6,0.30345,4.05,1.1423999999999999,8.413109669141411,0.024118858928311195,8.137217729734068,0.06506429535165689,0.056289725334759164,0.0001191506659363531,0.0008490796317346394
2,0.6,0.30345,4.05,1.3439999999999999,8.41118659136207,0.024126405704327343,8.134119379408107,0.06547045695930802,0.056268761311378306,0.0001191506659363531,0.0007497628685086966
2,0.6,0.30345,4.05,1.6127999999999998,8.387806668002408,0.024157179166614168,8.124176376708514,0.061017861583062515,0.05619775537183331,0.0001191506659363531,0.0006200893549248576
2,0.6,0.30345,4.05,2.016,8.400676329256138,0.024155015669563348,8.128233591799095,0.0639520027386851,0.056244154660370194,0.0001191506659363531,0.000506045704241842
2,0.6,0.30345,4.859999999999999,0.9407999999999999,7.400480188144152,0.02408982121562897,6.780581744045247,0.1926472935337784,0.01751692279609522,0.00011670911623264286,0.001049355836585164
2,0.6,0.30345,4.859999999999999,1.1423999999999999,7.406888859275112,0.02413319857382773,6.768787913190559,0.19872926129910817,0.017490226989009965,0.00011670911623264286,0.0008490796317346394
2,0.6,0.30345,4.859999999999999,1.3439999999999999,7.405060851423466,0.024150569011346542,6.7633636110363975,0.1999359227839998,0.017478961428301288,0.00011670911623264286,0.0007497628685086966
2,0.6,0.30345,4.859999999999999,1.6127999999999998,7.398381052137781,0.024179637565461286,6.755486343698662,0.2003458195081282,0.01745657280792664,0.00011670911623264286,0.0006200893549248576
2,0.6,0.30345,4.859999999999999,2.016,7.415074840816726,0.024183029105932386,6.754912370072459,0.20610723866078212,0.017470899209846038,0.00011670911623264286,0.000506045704241842
2,0.6,0.30345,6.074999999999999,0.9407999999999999,8.57347794980385,0.024067986373632087,6.583213097704857,0.6525067596616504,0.008327502628728395,0.00011425786901397492,0.001049355836585164
2,0.6,0.30345,6.074999999999999,1.1423999999999999,8.578634961053782,0.024095704111963073,6.575962766866239,0.6566555133834472,0.008320948675012797,0.00011425786901397492,0.0008490796317346394
2,0.6,0.30345,6.074999999999999,1.3439999999999999,8.594583228601,0.024127321187314477,6.566748162302114,0.665045431625396,0.008312244014126726,0.00011425786901397492,0.0007497628685086966
